No,Site,Bump Number,Bump Name,Bump X(mil),Bump Y(mil),Ball ,Ball name,channel,Assignment,POGO,PS,type,Update Notes
0,0,G17,AMUX_P0,-102.36,-396.95,,,15.UP16_CH124,15.CH124,15.D404,,I/O,
1,0,M16,AMUX_N0,-90.55,-456,,,15.UP16_CH177,15.CH177,15.H316,,I/O,
2,0,H17,AMUX_A2,-102.36,-412.7,,,15.UP16_CH122,15.CH122,15.B404,,I/O,
3,0,P17,AMUX_A3,-104.33,-483.56,,,15.UP16_CH167,15.CH167,15.K310,,I/O,
4,0,J17,AMUX_A4,-102.36,-428.44,,,15.UP16_CH126,15.CH126,15.B408,,I/O,
5,0,N17,AMUX_A5,-104.33,-469.78,,,15.UP16_CH163,15.CH163,15.N310,,I/O,
6,0,L17,AMUX_A6,-104.33,-442.22,,,15.UP16_CH166,15.CH166,15.K308,,I/O,
7,0,M17,AMUX_A7,-104.33,-456,,,15.UP16_CH173,15.CH173,15.H308,,I/O,
8,0,N16,AMUX_B0,-90.55,-469.78,,,15.UP16_CH160,15.CH160,15.N302,,I/O,
9,0,L16,AMUX_B1,-90.55,-442.22,,,15.UP16_CH181,15.CH181,15.K316,,I/O,
10,0,P16,AMUX_B2,-90.55,-483.56,,,15.UP16_CH174,15.CH174,15.H310,,I/O,
11,0,J16,AMUX_B3,-86.61,-428.44,,,15.UP16_CH255,15.CH255,15.AD318,,I/O,
12,0,P15,AMUX_B4,-76.77,-483.56,,,15.UP16_CH170,15.CH170,15.K302,,I/O,
13,0,H16,AMUX_B5,-86.61,-412.7,,,15.UP16_CH247,15.CH247,15.AB318,,I/O,
14,0,M15,AMUX_B6,-76.77,-456,,,15.UP16_CH116,15.CH116,15.D410,,I/O,
15,0,G16,AMUX_B7,-86.61,-396.95,,,15.UP16_CH125,15.CH125,15.D402,,I/O,
16,0,N15,AMUX_AY,-76.77,-469.78,,,15.UP16_CH127,15.CH127,15.B406,,I/O,
17,0,R15,AMUX_BY,-76.77,-497.34,,,15.UP16_CH119,15.CH119,15.D406,,I/O,
18,0,L14,TCAL,-62.99,-442.22,,,15.UP16_CH120,15.CH120,15.B412,,I/O,
19,0,F15,TDEV1,-70.87,-381.2,,,15.UP16_CH117,15.CH117,15.D408,,I/O,
20,0,G15,TDEV2,-70.87,-396.95,,,15.UP16_CH246,15.CH246,15.Z318,,I/O,
21,0,P14,TDEV3,-62.99,-483.56,,,15.UP16_CH171,15.CH171,15.K304,,I/O,
22,0,H15,TDEV4,-70.87,-412.7,,,15.UP16_CH182,15.CH182,15.H318,,I/O,
23,0,J15,TDEV5,-70.87,-428.44,,,15.UP16_CH191,15.CH191,15.N316,,I/O,
24,0,R5,GPIO1,62.99,-497.34,,,15.UP16_CH226,15.CH226,15.AD308,,I/O,
25,0,Y14,GPIO2,-62.99,-566.24,,,15.UP16_CH036,15.CH36,15.R418,,I/O,
26,0,W10,GPIO3,-7.87,-552.46,,,15.UP16_CH037,15.CH37,15.T418,,I/O,
27,0,Y13,GPIO4,-49.21,-566.24,,,15.UP16_CH032,15.CH32,15.R422,,I/O,
28,0,Y12,GPIO5,-35.43,-566.24,,,15.UP16_CH108,15.CH108,15.F416,,I/O,
29,0,Y11,GPIO6,-21.65,-566.24,,,15.UP16_CH040,15.CH40,15.X422,,I/O,
30,0,Y10,GPIO7,-7.87,-566.24,,,15.UP16_CH062,15.CH62,15.R410,,I/O,
31,0,W9,GPIO8,7.87,-552.46,,,15.UP16_CH044,15.CH44,15.X418,,I/O,
32,0,U9,GPIO9,7.87,-524.9,,,15.UP16_CH248,15.CH248,15.AD312,,I/O,
33,0,Y9,GPIO10,7.87,-566.24,,,15.UP16_CH058,15.CH58,15.R406,,I/O,
34,0,W8,GPIO11,21.65,-552.46,,,15.UP16_CH060,15.CH60,15.T404,,I/O,
35,0,Y8,GPIO12,21.65,-566.24,,,15.UP16_CH228,15.CH228,15.AD306,,I/O,
36,0,V8,GPIO13,21.65,-538.68,,,15.UP16_CH110,15.CH110,15.F412,,I/O,
37,0,V7,GPIO14,35.43,-538.68,,,15.UP16_CH034,15.CH34,15.R416,,I/O,
38,0,P8,GPIO15,21.65,-483.56,,,15.UP16_CH046,15.CH46,15.X414,,I/O,
39,0,U7,GPIO16,35.43,-524.9,,,15.UP16_CH042,15.CH42,15.T422,,I/O,
40,0,Y7,GPIO17,35.43,-566.24,,,15.UP16_CH232,15.CH232,15.Z304,,I/O,
41,0,Y6,GPIO18,49.21,-566.24,,,15.UP16_CH224,15.CH224,15.AD302,,I/O,
42,0,W7,GPIO19,35.43,-552.46,,,15.UP16_CH048,15.CH48,15.X410,,I/O,
43,0,Y5,GPIO20,62.99,-566.24,,,15.UP16_CH234,15.CH234,15.AB302,,I/O,
44,0,V6,GPIO21,49.21,-538.68,,,15.UP16_CH231,15.CH231,15.AB310,,I/O,
45,0,U6,GPIO22,49.21,-524.9,,,15.UP16_CH237,15.CH237,15.Z310,,I/O,
46,0,W6,GPIO23,49.21,-552.46,,,15.UP16_CH227,15.CH227,15.AD310,,I/O,
47,0,Y4,GPIO24,76.77,-566.24,,,15.UP16_CH235,15.CH235,15.AB304,,I/O,
48,0,P5,GPIO25,62.99,-483.56,,,15.UP16_CH230,15.CH230,15.AB308,,I/O,
49,0,T7,DFT_CTRL_0,35.43,-511.12,,,15.UP16_CH038,15.CH38,15.T416,,I/O,
50,0,P7,DFT_CTRL_1,35.43,-483.56,,,15.UP16_CH033,15.CH33,15.R420,,I/O,
51,0,T10,RESET_IN1,-7.87,-511.12,,,15.UP16_CH096,15.CH96,15.B422,,I/O,
52,0,R10,RESET_IN2,-7.87,-497.34,,,15.UP16_CH115,15.CH115,15.F402,,I/O,
53,0,T9,RESET_IN3,7.87,-511.12,,,15.UP16_CH098,15.CH98,15.B416,,I/O,
54,0,V11,BUTTON1,-21.65,-538.68,,,15.UP16_CH102,15.CH102,15.D416,,I/O,
55,0,U11,BUTTON2,-21.65,-524.9,,,15.UP16_CH104,15.CH104,15.F420,,I/O,
56,0,T11,BUTTON3,-21.65,-511.12,,,15.UP16_CH107,15.CH107,15.D420,,I/O,
57,0,U10,BUTTON4,-7.87,-524.9,,,15.UP16_CH238,15.CH238,15.Z312,,I/O,
58,0,R14,ADC_IN,-62.99,-497.34,,,15.UP16_CH056,15.CH56,15.T412,,I/O,
59,0,T8,ACTIVE_READY,21.65,-511.12,,,15.UP16_CH045,15.CH45,15.X416,,I/O,
60,0,P9,SYS_ALIVE,7.87,-483.56,,,15.UP16_CH251,15.CH251,15.AD322,,I/O,
61,0,U12,BUTTONO1,-35.43,-524.9,,,15.UP16_CH121,15.CH121,15.B410,,I/O,
62,0,T12,BUTTONO2,-35.43,-511.12,,,15.UP16_CH097,15.CH97,15.B420,,I/O,
63,0,V10,BUTTONO3,-7.87,-538.68,,,15.UP16_CH101,15.CH101,15.D418,,I/O,
64,0,R9,CRASH_L,7.87,-497.34,,,15.UP16_CH113,15.CH113,15.F408,,I/O,
65,0,R8,RESET_L,21.65,-497.34,,,15.UP16_CH253,15.CH253,15.AB322,,I/O,
66,0,U8,FAULT_OUT_L,21.65,-524.9,,,15.UP16_CH229,15.CH229,15.AB306,,I/O,
67,0,W14,FORCE_SYNC,-62.99,-552.46,,,15.UP16_CH184,15.CH184,15.K312,,I/O,
68,0,W12,CPU_TRIGGER0_L,-35.43,-552.46,,,15.UP16_CH111,15.CH111,15.D412,,I/O,
69,0,W11,CPU_TRIGGER1_L,-21.65,-552.46,,,15.UP16_CH109,15.CH109,15.F414,,I/O,
70,0,W13,GPU_TRIGGER0_L,-49.21,-552.46,,,15.UP16_CH103,15.CH103,15.D414,,I/O,
71,0,V14,GPU_TRIGGER1_L,-62.99,-538.68,,,15.UP16_CH185,15.CH185,15.N312,,I/O,
72,0,W5,OUT_32K,62.99,-552.46,,,15.UP16_CH161,15.CH161,15.N304,,I/O,
73,0,V9,SHDN,7.87,-538.68,,,15.UP16_CH105,15.CH105,15.F418,,I/O,
74,0,T5,SLEEP_32K,62.99,-511.12,,,15.UP16_CH225,15.CH225,15.AD304,,I/O,
75,0,T6,SPMI_SCLK,49.21,-511.12,,,15.UP16_CH164,15.CH164,15.N306,,I/O,
76,0,R6,SPMI_SDATA,49.21,-497.34,,,15.UP16_CH189,15.CH189,15.K322,,I/O,
77,0,R7,UVWARN_L,35.43,-497.34,,,15.UP16_CH179,15.CH179,15.H322,,I/O,
78,0,V12,DBLCLICK_DET,-35.43,-538.68,,,15.UP16_CH099,15.CH99,15.B414,,I/O,
79,0,P1,XIN,118.11,-483.56,,,15.UP16_CH168,15.CH168,15.H302,,I/O,
80,0,R1,XOUT,118.11,-497.34,,,15.UP16_CH169,15.CH169,15.H304,,I/O,
81,0,T2,VPP,104.33,-511.12,,,15.UP16_CH123,15.CH123,15.B402,,I/O,
82,0,P6,LDO13_EN,49.21,-483.56,,,15.UP16_CH172,15.CH172,15.H306,,I/O,
83,0,R3,NXTAL_MEMS,90.55,-497.34,,,15.UP16_CH165,15.CH165,15.K306,,I/O,
84,0,M12,VSS_REF,-35.43,-456,,,15.UP16_CH100,15.CH100,15.B418,,I/O,
85,0,R2,VSS_DFT_2,104.33,-497.34,,,15.UP16_CH057,15.CH57,15.R412,,I/O,
86,0,Y3,VDD_BOOST_UVLO_L,90.55,-566.24,,,15.UP16_CH233,15.CH233,15.Z306,,I/O,
87,0,Y17,BUCK2_LX,-104.33,-566.24,,,15.UP16_CH106,15.CH106,15.D422,,I/O,
88,0,A3,BUCK6_LX_0,90.55,-304.43,,,15.UP16_CH241,15.CH241,15.Z316,,I/O,
89,0,B3,BUCK6_LX_1,90.55,-318.21,,,15.UP16_CH241,15.CH241,15.Z316,,I/O,
90,0,,REFCLK_32KHZ_PA,,,,,15.UP16_CH176,15.CH176,15.H314,,I/O,
91,0,,MONITOR_CHANNEL,,,,,15.UP16_CH050,15.CH50,15.X404,,I/O,
92,0,,ADG1414_SCLK,,,,,15.UP16_CH052,15.CH52,15.T410,,I/O,
93,0,,ADG1414_SYNC,,,,,15.UP16_CH054,15.CH54,15.X406,,I/O,
94,0,,ADG1414_RESET,,,,,15.UP16_CH055,15.CH55,15.T406,,I/O,
95,0,,ADG1414_DIN,,,,,15.UP16_CH053,15.CH53,15.T408,,I/O,
96,0,,ADG1414_SDO,,,,,15.UP16_CH049,15.CH49,15.X408,,I/O,
97,0,R14,ADC_IN_UVI80,-62.99,-497.34,,,19.VI80_FRC76,19.sense76,19.M410,,DCVI,
98,0,N15,AMUX_AY_UVI80,-76.77,-469.78,,,19.VI80_FRC13,19.sense13,19.A307,,DCVI,
99,0,R15,AMUX_BY_UVI80,-76.77,-497.34,,,19.VI80_FRC17,19.sense17,1.90E+303,,DCVI,
100,0,M14,BRICK_ID1_UVI80,-62.99,-456,,,19.VI80_FRC76,19.sense76,19.M410,,DCVI,
101,0,N14,BRICK_ID2_UVI80,-62.99,-469.78,,,19.VI80_FRC76,19.sense76,19.M410,,DCVI,
102,0,C6,BSTLQ_LX_UVI80,49.21,-331.99,,,19.VI80_FRC21,19.sense21,19.K302,,DCVI,
103,0,C7,BSTLQ_VOUT_UVI80,35.43,-331.99,,,19.VI80_FRC66,19.sense66,19.A311,,DCVI,
104,0,V5,BUCK_SWI0_IN_UVI80,62.99,-538.68,,,19.VI80_FRC50,19.sense50,19.N210,power,DCVI,
105,0,U5,BUCK_SWI1_IN_UVI80,62.99,-524.9,,,19.VI80_FRC04,19.sense4,19.A405,power,DCVI,
106,0,Y16,BUCK2_CBOT_UVI80,-90.55,-566.24,,,19.VI80_FRC58,19.sense58,19.S312,,DCVI,
107,0,W16,BUCK2_CTOP_UVI80,-90.55,-552.46,,,19.VI80_FRC53,19.sense53,19.E315,,DCVI,
108,0,V17,BUCK2_FB_UVI80,-104.33,-538.68,,,19.VI80_FRC74,19.sense74,19.P413,,DCVI,
109,0,Y17,BUCK2_LX_UVI80,-104.33,-566.24,,,19.VI80_FRC42,19.sense42,19.N214,,DCVI,
110,0,D3,BUCK6_FB_UVI80,90.55,-345.77,,,19.VI80_FRC80,19.sense80,19.X415,,DCVI,
111,0,A3,BUCK6_LX_UVI80,90.55,-304.43,,,19.VI80_FRC51,19.sense51,19.C209,,DCVI,
112,0,A1,BUCK6_VOUT_UVI80_0,118.11,-304.43,,,19.VI80_FRC55,19.sense55,19.S315,,DCVI,
113,0,B1,BUCK6_VOUT_UVI80_1,118.11,-318.21,,,19.VI80_FRC55,19.sense55,19.S315,,DCVI,
114,0,C1,BUCK6_VOUT_UVI80_2,118.11,-331.99,,,19.VI80_FRC55,19.sense55,19.S315,,DCVI,
115,0,M13,IBAT_UVI80,-49.21,-456,,,19.VI80_FRC10,19.sense10,19.R402,,DCVI,
116,0,E14,IDAC_OUT_0_UVI80,-55.12,-365.45,,,19.VI80_FRC22,19.sense22,19.N306,,DCVI,
117,0,E14,IDAC_5_0_0_BUS_UVI80,-55.12,-365.45,,,19.VI80_FRC63,19.sense63,19.C309,,DCVI,
118,0,E13,IDAC_OUT_1_UVI80,-39.37,-365.45,,,19.VI80_FRC22,19.sense22,19.N306,,DCVI,
119,0,E13,IDAC_5_0_1_BUS_UVI80,-39.37,-365.45,,,19.VI80_FRC63,19.sense63,19.C309,,DCVI,
120,0,E11,IDAC_OUT_2_UVI80,-7.87,-365.45,,,19.VI80_FRC22,19.sense22,19.N306,,DCVI,
121,0,E11,IDAC_5_0_2_BUS_UVI80,-7.87,-365.45,,,19.VI80_FRC63,19.sense63,19.C309,,DCVI,
122,0,E10,IDAC_OUT_3_UVI80,7.87,-365.45,,,19.VI80_FRC22,19.sense22,19.N306,,DCVI,
123,0,E10,IDAC_5_0_3_BUS_UVI80,7.87,-365.45,,,19.VI80_FRC63,19.sense63,19.C309,,DCVI,
124,0,F14,IDAC_OUT_4_UVI80,-55.12,-381.2,,,19.VI80_FRC22,19.sense22,19.N306,,DCVI,
125,0,F14,IDAC_5_0_4_BUS_UVI80,-55.12,-381.2,,,19.VI80_FRC63,19.sense63,19.C309,,DCVI,
126,0,F13,IDAC_OUT_5_UVI80,-39.37,-381.2,,,19.VI80_FRC22,19.sense22,19.N306,,DCVI,
127,0,F13,IDAC_5_0_5_BUS_UVI80,-39.37,-381.2,,,19.VI80_FRC63,19.sense63,19.C309,,DCVI,
128,0,F11,IDAC_OUT_6_UVI80,-7.87,-381.2,,,19.VI80_FRC22,19.sense22,19.N306,,DCVI,
129,0,F11,IDAC_11_6_6_BUS_UVI80,-7.87,-381.2,,,19.VI80_FRC32,19.sense32,19.K205,,DCVI,
130,0,F10,IDAC_OUT_7_UVI80,7.87,-381.2,,,19.VI80_FRC22,19.sense22,19.N306,,DCVI,
131,0,F10,IDAC_11_6_7_BUS_UVI80,7.87,-381.2,,,19.VI80_FRC32,19.sense32,19.K205,,DCVI,
132,0,G13,IDAC_OUT_8_UVI80,-39.37,-396.95,,,19.VI80_FRC22,19.sense22,19.N306,,DCVI,
133,0,G13,IDAC_11_6_8_BUS_UVI80,-39.37,-396.95,,,19.VI80_FRC32,19.sense32,19.K205,,DCVI,
134,0,G11,IDAC_OUT_9_UVI80,-7.87,-396.95,,,19.VI80_FRC22,19.sense22,19.N306,,DCVI,
135,0,G11,IDAC_11_6_9_BUS_UVI80,-7.87,-396.95,,,19.VI80_FRC32,19.sense32,19.K205,,DCVI,
136,0,H14,IDAC_OUT_10_UVI80,-55.12,-412.7,,,19.VI80_FRC22,19.sense22,19.N306,,DCVI,
137,0,H14,IDAC_11_6_10_BUS_UVI80,-55.12,-412.7,,,19.VI80_FRC32,19.sense32,19.K205,,DCVI,
138,0,H13,IDAC_OUT_11_UVI80,-39.37,-412.7,,,19.VI80_FRC22,19.sense22,19.N306,,DCVI,
139,0,H13,IDAC_11_6_11_BUS_UVI80,-39.37,-412.7,,,19.VI80_FRC32,19.sense32,19.K205,,DCVI,
140,0,H11,IDAC_OUT_12_UVI80,-7.87,-412.7,,,19.VI80_FRC22,19.sense22,19.N306,,DCVI,
141,0,H11,IDAC_17_12_12_BUS_UVI80,-7.87,-412.7,,,19.VI80_FRC37,19.sense37,19.R202,,DCVI,
142,0,H10,IDAC_OUT_13_UVI80,7.87,-412.7,,,19.VI80_FRC22,19.sense22,19.N306,,DCVI,
143,0,H10,IDAC_17_12_13_BUS_UVI80,7.87,-412.7,,,19.VI80_FRC37,19.sense37,19.R202,,DCVI,
144,0,J14,IDAC_OUT_14_UVI80,-55.12,-428.44,,,19.VI80_FRC22,19.sense22,19.N306,,DCVI,
145,0,J14,IDAC_17_12_14_BUS_UVI80,-55.12,-428.44,,,19.VI80_FRC37,19.sense37,19.R202,,DCVI,
146,0,J13,IDAC_OUT_15_UVI80,-39.37,-428.44,,,19.VI80_FRC22,19.sense22,19.N306,,DCVI,
147,0,J13,IDAC_17_12_15_BUS_UVI80,-39.37,-428.44,,,19.VI80_FRC37,19.sense37,19.R202,,DCVI,
148,0,J11,IDAC_OUT_16_UVI80,-7.87,-428.44,,,19.VI80_FRC22,19.sense22,19.N306,,DCVI,
149,0,J11,IDAC_17_12_16_BUS_UVI80,-7.87,-428.44,,,19.VI80_FRC37,19.sense37,19.R202,,DCVI,
150,0,J10,IDAC_OUT_17_UVI80,7.87,-428.44,,,19.VI80_FRC22,19.sense22,19.N306,,DCVI,
151,0,J10,IDAC_17_12_17_BUS_UVI80,7.87,-428.44,,,19.VI80_FRC37,19.sense37,19.R202,,DCVI,
152,0,R13,IREF_UVI80,-49.21,-497.34,,,19.VI80_FRC05,19.sense5,19.A407,,DCVI,
153,0,L14,TCAL_UVI80,-62.99,-442.22,,,19.VI80_FRC09,19.sense9,19.K403,,DCVI,
154,0,F15,TDEV1_UVI80_0,-70.87,-381.2,,,19.VI80_FRC18,19.sense18,19.G306,,DCVI,
155,0,F15,ATB3_CAL_UVI80_Hi,-70.87,-381.2,,,19.VI80_FRC06,19.sense6,19.F406,,DCVI,"change the bump name to ""ATB3_CAL_UVI80_HI"""
156,0,N13,VBAT_UVI80,-49.21,-469.78,,,19.VI80_FRC02,19.sense2,19.G402,,DCVI,
157,0,L15,VCP_UVI80,-76.77,-442.22,,,19.VI80_FRC24,19.sense24,19.T304,power,DCVI,
158,0,D4,VDD_ANA_UVI80_0,76.77,-345.77,,,19.VI80_FRC07,19.sense7,19.H408,power,DCVI,
159,0,D14,VDD_ANA_UVI80_1,-55.12,-349.7,,,19.VI80_FRC07,19.sense7,19.H408,power,DCVI,
160,0,G6,VDD_ANA_UVI80_2,49.21,-387.11,,,19.VI80_FRC07,19.sense7,19.H408,power,DCVI,
161,0,G7,VDD_ANA_UVI80_3,35.43,-387.11,,,19.VI80_FRC07,19.sense7,19.H408,power,DCVI,
162,0,H6,VDD_ANA_UVI80_4,49.21,-400.89,,,19.VI80_FRC07,19.sense7,19.H408,power,DCVI,
163,0,M6,VDD_ANA_UVI80_5,49.21,-456,,,19.VI80_FRC07,19.sense7,19.H408,power,DCVI,
164,0,P3,VDD_ANA_UVI80_6,90.55,-483.56,,,19.VI80_FRC07,19.sense7,19.H408,power,DCVI,
165,0,P13,VDD_ANA_UVI80_7,-49.21,-483.56,,,19.VI80_FRC07,19.sense7,19.H408,power,DCVI,
166,0,V16,VDD_ANA_S_UVI80,-90.55,-538.68,,,19.VI80_SEN07,19.sense7,19.H408,power,DCVI,
167,0,H2,VDD_B12_LDO_UVI80,104.33,-400.89,,,19.VI80_FRC31,19.sense31,19.F208,power,DCVI,
168,0,J2,VDD_B4_UVI80,104.33,-414.66,,,19.VI80_FRC43,19.sense43,19.M215,power,DCVI,
169,0,J3,VDD_B4_S_UVI80,90.55,-414.66,,,19.VI80_SEN43,19.sense43,19.M215,power,DCVI,
170,0,G2,VDD_B6_LDO_UVI80_0,104.33,-387.11,,,19.VI80_FRC47,19.sense47,19.T210,power,DCVI,
171,0,G3,VDD_B6_LDO_UVI80_1,90.55,-387.11,,,19.VI80_FRC47,19.sense47,19.T210,power,DCVI,
172,0,G4,VDD_B6_LDO_S_UVI80,76.77,-387.11,,,19.VI80_SEN47,19.sense47,19.T210,power,DCVI,
173,0,L11,VDD_BOOST_UVI80,-21.65,-442.22,,,19.VI80_FRC34,19.sense34,19.P203,power,DCVI,
174,0,H5,VDD_BOOST_LDO_UVI80_0,62.99,-400.89,,,19.VI80_FRC64,19.sense64,19.G310,power,DCVI,
175,0,J5,VDD_BOOST_LDO_UVI80_1,62.99,-414.66,,,19.VI80_FRC64,19.sense64,19.G310,power,DCVI,
176,0,K5,VDD_BOOST_LDO_UVI80_2,62.99,-428.44,,,19.VI80_FRC64,19.sense64,19.G310,power,DCVI,
177,0,L2,VDD_BOOST_LDO_UVI80_3,104.33,-442.22,,,19.VI80_FRC64,19.sense64,19.G310,power,DCVI,
178,0,L3,VDD_BOOST_LDO_UVI80_4,90.55,-442.22,,,19.VI80_FRC64,19.sense64,19.G310,power,DCVI,
179,0,L4,VDD_BOOST_LDO_UVI80_5,76.77,-442.22,,,19.VI80_FRC64,19.sense64,19.G310,power,DCVI,
180,0,L5,VDD_BOOST_LDO_S_UVI80,62.99,-442.22,,,19.VI80_SEN64,19.sense64,19.G310,power,DCVI,
181,0,F1,VDD_BOOST_LNV_UVI80,118.11,-373.33,,,19.VI80_FRC41,19.sense41,19.S215,power,DCVI,
182,0,E3,VDD_BOOST1_UVI80,90.55,-359.55,,,19.VI80_FRC34,19.sense34,19.P203,power,DCVI,
183,0,M11,VDD_BSTLQ_IN_UVI80,-21.65,-456,,,19.VI80_FRC36,19.sense36,19.R208,power,DCVI,
184,0,W15,VDD_BUCK2_UVI80,-76.77,-552.46,,,19.VI80_FRC46,19.sense46,19.A211,power,DCVI,
185,0,A2,VDD_BUCK6_UVI80_0,104.33,-304.43,,,19.VI80_FRC60,19.sense60,19.N310,power,DCVI,
186,0,B2,VDD_BUCK6_UVI80_1,104.33,-318.21,,,19.VI80_FRC60,19.sense60,19.N310,power,DCVI,
187,0,C2,VDD_BUCK6_S_UVI80,104.33,-331.99,,,19.VI80_SEN60,19.sense60,19.N310,power,DCVI,
188,0,C11,VDD_DIG_UVI80_0,-7.87,-333.96,,,19.VI80_FRC19,19.sense19,19.K307,power,DCVI,
189,0,F5,VDD_DIG_UVI80_1,62.99,-373.33,,,19.VI80_FRC19,19.sense19,19.K307,power,DCVI,
190,0,L9,VDD_DIG_UVI80_2,7.87,-442.22,,,19.VI80_FRC19,19.sense19,19.K307,power,DCVI,
191,0,N7,VDD_DIG_UVI80_3,35.43,-469.78,,,19.VI80_FRC19,19.sense19,19.K307,power,DCVI,
192,0,U14,VDD_DIG_UVI80_4,-62.99,-524.9,,,19.VI80_FRC19,19.sense19,19.K307,power,DCVI,
193,0,W3,VDD_DIG_S_UVI80,90.55,-552.46,,,19.VI80_SEN19,19.sense19,19.K307,power,DCVI,
194,0,L1,VDD_LDO14_UVI80,118.11,-442.22,,,19.VI80_FRC28,19.sense28,19.C205,power,DCVI,
195,0,J1,VDD_LDO6_UVI80,118.11,-414.66,,,19.VI80_FRC54,19.sense54,19.K315,power,DCVI,
196,0,N2,VDD_LDO7_UVI80,104.33,-469.78,,,19.VI80_FRC35,19.sense35,19.K207,power,DCVI,
197,0,E4,VDD_MAIN_UVI80_0,76.77,-359.55,,,19.VI80_FRC78,19.sense78,19.W402,power,DCVI,
198,0,F4,VDD_MAIN_UVI80_1,76.77,-373.33,,,19.VI80_FRC78,19.sense78,19.W402,power,DCVI,
199,0,L12,VDD_MAIN_UVI80_2,-35.43,-442.22,,,19.VI80_FRC78,19.sense78,19.W402,power,DCVI,
200,0,T1,VDD_MAIN_UVI80_3,118.11,-511.12,,,19.VI80_FRC78,19.sense78,19.W402,power,DCVI,
201,0,A5,VDD_MAIN_BSTLQ_UVI80,62.99,-304.43,,,19.VI80_FRC23,19.sense23,19.R302,power,DCVI,
202,0,D15,VDD_MAIN_DRV_UVI80,-70.87,-349.7,,,19.VI80_FRC59,19.sense59,19.K313,power,DCVI,
203,0,N4,VDD_MAIN_LDO_UVI80,76.77,-469.78,,,19.VI80_FRC30,19.sense30,1.90E+203,power,DCVI,
204,0,V15,VDD_MAIN_S_UVI80,-76.77,-538.68,,,19.VI80_SEN78,19.sense78,19.W402,power,DCVI,
205,0,N12,VDD_MAIN_SNS_UVI80,-35.43,-469.78,,,19.VI80_FRC33,19.sense33,19.K202,power,DCVI,
206,0,D16,VDD_MAIN_SNS_WLED_UVI80,-86.61,-349.7,,,19.VI80_FRC67,19.sense67,19.C411,power,DCVI,
207,0,E12,VDD_MAIN_WLED_UVI80,-23.62,-365.45,,,19.VI80_FRC75,19.sense75,19.R415,power,DCVI,
208,0,W4,VDDIO1V2_UVI80,76.77,-552.46,,,19.VI80_FRC12,19.sense12,19.P405,power,DCVI,
209,0,J4,VLDO1_UVI80,76.77,-414.66,,,19.VI80_FRC68,19.sense68,19.C315,,DCVI,
210,0,M5,VLDO2_UVI80,62.99,-456,,,19.VI80_FRC77,19.sense77,19.X407,,DCVI,
211,0,G1,VLDO3_UVI80,118.11,-387.11,,,19.VI80_FRC08,19.sense8,19.K405,,DCVI,
212,0,K2,VLDO4_UVI80,104.33,-428.44,,,19.VI80_FRC49,19.sense49,19.K211,,DCVI,
213,0,M2,VLDO5_UVI80_0,104.33,-456,,,19.VI80_FRC25,19.sense25,19.R308,,DCVI,
214,0,M3,VLDO5_UVI80_1,90.55,-456,,,19.VI80_FRC25,19.sense25,19.R308,,DCVI,
215,0,M4,VLDO5_UVI80_2,76.77,-456,,,19.VI80_FRC25,19.sense25,19.R308,,DCVI,
216,0,K1,VLDO6_UVI80,118.11,-428.44,,,19.VI80_FRC26,19.sense26,19.D202,,DCVI,
217,0,N1,VLDO7_UVI80,118.11,-469.78,,,19.VI80_FRC20,19.sense20,19.J302,,DCVI,
218,0,G5,VLDO8_UVI80,62.99,-387.11,,,19.VI80_FRC56,19.sense56,19.C215,,DCVI,
219,0,N5,VLDO9_UVI80,62.99,-469.78,,,19.VI80_FRC27,19.sense27,19.A203,,DCVI,
220,0,K4,VLDO10_UVI80,76.77,-428.44,,,19.VI80_FRC03,19.sense3,19.A403,,DCVI,
221,0,K3,VLDO11_UVI80,90.55,-428.44,,,19.VI80_FRC45,19.sense45,19.B213,,DCVI,
222,0,H1,VLDO12_UVI80,118.11,-400.89,,,19.VI80_FRC16,19.sense16,19.A302,,DCVI,
223,0,H4,VLDO13_UVI80,76.77,-400.89,,,19.VI80_FRC29,19.sense29,19.C207,,DCVI,
224,0,M1,VLDO14_UVI80,118.11,-456,,,19.VI80_FRC40,19.sense40,19.X211,,DCVI,
225,0,N3,VLDOINT_UVI80,90.55,-469.78,,,19.VI80_FRC65,19.sense65,19.B313,,DCVI,
226,0,N11,VMBX_UVI80,-21.65,-469.78,,,19.VI80_FRC71,19.sense71,19.H415,,DCVI,
227,0,P12,VREF_UVI80,-35.43,-483.56,,,19.VI80_FRC14,19.sense14,19.B305,,DCVI,
228,0,J7,VSS_S_UVI80,35.43,-414.66,,,19.VI80_FRC48,19.sense48,19.R212,,DCVI,
229,0,A15,WLED_HP1_LX_UVI80_0,-70.87,-302.46,,,19.VI80_FRC39,19.sense39,19.T206,,DCVI,
230,0,B15,WLED_HP1_LX_UVI80_1,-70.87,-318.21,,,19.VI80_FRC39,19.sense39,19.T206,,DCVI,
231,0,D17,WLED_HP2_LX_UVI80_0,-102.36,-349.7,,,19.VI80_FRC39,19.sense39,19.T206,,DCVI,
232,0,D18,WLED_HP2_LX_UVI80_1,-118.11,-349.7,,,19.VI80_FRC39,19.sense39,19.T206,,DCVI,
233,0,C15,WLED_VOUT_FB_UVI80,-70.87,-333.96,,,19.VI80_FRC15,19.sense15,19.A303,,DCVI,
234,0,,RC_VOUT_UVI80,,,,,19.VI80_FRC38,19.sense38,19.S204,,DCVI,
235,0,,ATB3_CAL_UVI80_low,,,,,19.VI80_SEN01,19.sense1,19.J402,,DCVI,"0830~change the bump name to ""ATB3_CAL_UVI80_low"
236,0,N15,AMUX_AY_DC30,-76.77,-469.78,,,11.DC30_CH07F,11.sense7,11.M402,,DCVI,
237,0,R15,AMUX_BY_DC30,-76.77,-497.34,,,11.DC30_CH03F,11.sense3,11.R402,,DCVI,
238,0,L14,TCAL_DC30,-62.99,-442.22,,,11.DC30_CH04F,11.sense4,11.R408,,DCVI,
239,0,F15,TDEV1_DC30,-70.87,-381.2,,,11.DC30_CH19F,11.sense19,11.G402,,DCVI,
240,0,P12,VREF_DC30,-35.43,-483.56,,,11.DC30_CH16F,11.sense16,11.B408,,DCVI,
241,0,L13,VREF_ADC_DC30,-49.21,-442.22,,,11.DC30_CH12F,11.sense12,11.F408,,DCVI,
242,0,C15,WLED_VOUT_FB_DC30,-70.87,-333.96,,,11.DC30_CH08F,11.sense8,11.M408,,DCVI,
243,0,T2,VPP_DC30,104.33,-511.12,,,11.DC30_CH20F,11.sense20,11.F402,power,DCVI,
244,0,A15,WLED_HP1_LX_DC30_0,-70.87,-302.46,,,11.DC30_CH11F,11.sense11,11.G408,,DCVI,
245,0,B15,WLED_HP1_LX_DC30_1,-70.87,-318.21,,,11.DC30_CH11F,11.sense11,11.G408,,DCVI,
246,0,D17,WLED_HP2_LX_DC30_0,-102.36,-349.7,,,11.DC30_CH11F,11.sense11,11.G408,,DCVI,
247,0,D18,WLED_HP2_LX_DC30_1,-118.11,-349.7,,,11.DC30_CH11F,11.sense11,11.G408,,DCVI,
248,0,B17,WLED_LP_LX_DC30_0,-102.36,-318.21,,,11.DC30_CH11F,11.sense11,11.G408,,DCVI,
249,0,B18,WLED_LP_LX_DC30_1,-118.11,-318.21,,,11.DC30_CH11F,11.sense11,11.G408,,DCVI,
250,0,E14,IDAC_OUT_0_DC30,-55.12,-365.45,,,11.DC30_CH15F,11.sense15,11.B402,,DCVI,
251,0,E13,IDAC_OUT_1_DC30,-39.37,-365.45,,,11.DC30_CH15F,11.sense15,11.B402,,DCVI,
252,0,E11,IDAC_OUT_2_DC30,-7.87,-365.45,,,11.DC30_CH15F,11.sense15,11.B402,,DCVI,
253,0,E10,IDAC_OUT_3_DC30,7.87,-365.45,,,11.DC30_CH15F,11.sense15,11.B402,,DCVI,
254,0,F14,IDAC_OUT_4_DC30,-55.12,-381.2,,,11.DC30_CH15F,11.sense15,11.B402,,DCVI,
255,0,F13,IDAC_OUT_5_DC30,-39.37,-381.2,,,11.DC30_CH15F,11.sense15,11.B402,,DCVI,
256,0,F11,IDAC_OUT_6_DC30,-7.87,-381.2,,,11.DC30_CH15F,11.sense15,11.B402,,DCVI,
257,0,F10,IDAC_OUT_7_DC30,7.87,-381.2,,,11.DC30_CH15F,11.sense15,11.B402,,DCVI,
258,0,G13,IDAC_OUT_8_DC30,-39.37,-396.95,,,11.DC30_CH15F,11.sense15,11.B402,,DCVI,
259,0,G11,IDAC_OUT_9_DC30,-7.87,-396.95,,,11.DC30_CH15F,11.sense15,11.B402,,DCVI,
260,0,H14,IDAC_OUT_10_DC30,-55.12,-412.7,,,11.DC30_CH15F,11.sense15,11.B402,,DCVI,
261,0,H13,IDAC_OUT_11_DC30,-39.37,-412.7,,,11.DC30_CH15F,11.sense15,11.B402,,DCVI,
262,0,H11,IDAC_OUT_12_DC30,-7.87,-412.7,,,11.DC30_CH15F,11.sense15,11.B402,,DCVI,
263,0,H10,IDAC_OUT_13_DC30,7.87,-412.7,,,11.DC30_CH15F,11.sense15,11.B402,,DCVI,
264,0,J14,IDAC_OUT_14_DC30,-55.12,-428.44,,,11.DC30_CH15F,11.sense15,11.B402,,DCVI,
265,0,J13,IDAC_OUT_15_DC30,-39.37,-428.44,,,11.DC30_CH15F,11.sense15,11.B402,,DCVI,
266,0,J11,IDAC_OUT_16_DC30,-7.87,-428.44,,,11.DC30_CH15F,11.sense15,11.B402,,DCVI,
267,0,J10,IDAC_OUT_17_DC30,7.87,-428.44,,,11.DC30_CH15F,11.sense15,11.B402,,DCVI,
268,0,W17,BUCK2_VSS_FB,-104.33,-552.46,,,,,,,GND,
269,0,C3,BUCK6_VSS_FB,90.55,-331.99,,,,,,,GND,
270,0,A6,VSS_0,49.21,-304.43,,,,,,,GND,
271,0,A7,VSS_1,35.43,-304.43,,,,,,,GND,
272,0,A8,VSS_2,21.65,-304.43,,,,,,,GND,
273,0,A10,VSS_3,7.87,-302.46,,,,,,,GND,
274,0,A11,VSS_4,-7.87,-302.46,,,,,,,GND,
275,0,A12,VSS_5,-23.62,-302.46,,,,,,,GND,
276,0,A13,VSS_6,-39.37,-302.46,,,,,,,GND,
277,0,A14,VSS_7,-55.12,-302.46,,,,,,,GND,
278,0,B5,VSS_8,62.99,-318.21,,,,,,,GND,
279,0,B6,VSS_9,49.21,-318.21,,,,,,,GND,
280,0,B7,VSS_10,35.43,-318.21,,,,,,,GND,
281,0,B8,VSS_11,21.65,-318.21,,,,,,,GND,
282,0,B10,VSS_12,7.87,-318.21,,,,,,,GND,
283,0,B11,VSS_13,-7.87,-318.21,,,,,,,GND,
284,0,B12,VSS_14,-23.62,-318.21,,,,,,,GND,
285,0,B13,VSS_15,-39.37,-318.21,,,,,,,GND,
286,0,B14,VSS_16,-55.12,-318.21,,,,,,,GND,
287,0,C4,VSS_17,76.77,-331.99,,,,,,,GND,
288,0,C8,VSS_18,21.65,-331.99,,,,,,,GND,
289,0,C10,VSS_19,7.87,-333.96,,,,,,,GND,
290,0,C12,VSS_20,-23.62,-333.96,,,,,,,GND,
291,0,C13,VSS_21,-39.37,-333.96,,,,,,,GND,
292,0,C14,VSS_22,-55.12,-333.96,,,,,,,GND,
293,0,C16,VSS_23,-86.61,-333.96,,,,,,,GND,
294,0,D1,VSS_24,118.11,-345.77,,,,,,,GND,
295,0,D2,VSS_25,104.33,-345.77,,,,,,,GND,
296,0,D5,VSS_26,62.99,-345.77,,,,,,,GND,
297,0,D6,VSS_27,49.21,-345.77,,,,,,,GND,
298,0,D7,VSS_28,35.43,-345.77,,,,,,,GND,
299,0,D8,VSS_29,21.65,-345.77,,,,,,,GND,
300,0,D10,VSS_30,7.87,-349.7,,,,,,,GND,
301,0,D11,VSS_31,-7.87,-349.7,,,,,,,GND,
302,0,D12,VSS_32,-23.62,-349.7,,,,,,,GND,
303,0,D13,VSS_33,-39.37,-349.7,,,,,,,GND,
304,0,E1,VSS_34,118.11,-359.55,,,,,,,GND,
305,0,E2,VSS_35,104.33,-359.55,,,,,,,GND,
306,0,E5,VSS_36,62.99,-359.55,,,,,,,GND,
307,0,E6,VSS_37,49.21,-359.55,,,,,,,GND,
308,0,E7,VSS_38,35.43,-359.55,,,,,,,GND,
309,0,E8,VSS_39,21.65,-359.55,,,,,,,GND,
310,0,E15,VSS_40,-70.87,-365.45,,,,,,,GND,
311,0,E16,VSS_41,-86.61,-365.45,,,,,,,GND,
312,0,E17,VSS_42,-102.36,-365.45,,,,,,,GND,
313,0,E18,VSS_43,-118.11,-365.45,,,,,,,GND,
314,0,F2,VSS_44,104.33,-373.33,,,,,,,GND,
315,0,F3,VSS_45,90.55,-373.33,,,,,,,GND,
316,0,F6,VSS_46,49.21,-373.33,,,,,,,GND,
317,0,F7,VSS_47,35.43,-373.33,,,,,,,GND,
318,0,F8,VSS_48,21.65,-373.33,,,,,,,GND,
319,0,F12,VSS_49,-23.62,-381.2,,,,,,,GND,
320,0,F16,VSS_50,-86.61,-381.2,,,,,,,GND,
321,0,F17,VSS_51,-102.36,-381.2,,,,,,,GND,
322,0,F18,VSS_52,-118.11,-381.2,,,,,,,GND,
323,0,G8,VSS_53,21.65,-387.11,,,,,,,GND,
324,0,G10,VSS_54,7.87,-396.95,,,,,,,GND,
325,0,G12,VSS_55,-23.62,-396.95,,,,,,,GND,
326,0,G14,VSS_56,-55.12,-396.95,,,,,,,GND,
327,0,G18,VSS_57,-118.11,-396.95,,,,,,,GND,
328,0,H3,VSS_58,90.55,-400.89,,,,,,,GND,
329,0,H7,VSS_59,35.43,-400.89,,,,,,,GND,
330,0,H8,VSS_60,21.65,-400.89,,,,,,,GND,
331,0,H12,VSS_61,-23.62,-412.7,,,,,,,GND,
332,0,H18,VSS_62,-118.11,-412.7,,,,,,,GND,
333,0,J6,VSS_63,49.21,-414.66,,,,,,,GND,
334,0,J8,VSS_64,21.65,-414.66,,,,,,,GND,
335,0,J12,VSS_65,-23.62,-428.44,,,,,,,GND,
336,0,J18,VSS_66,-118.11,-428.44,,,,,,,GND,
337,0,K6,VSS_67,49.21,-428.44,,,,,,,GND,
338,0,K7,VSS_68,35.43,-428.44,,,,,,,GND,
339,0,K8,VSS_69,21.65,-428.44,,,,,,,GND,
340,0,L6,VSS_70,49.21,-442.22,,,,,,,GND,
341,0,L7,VSS_71,35.43,-442.22,,,,,,,GND,
342,0,L8,VSS_72,21.65,-442.22,,,,,,,GND,
343,0,L10,VSS_73,-7.87,-442.22,,,,,,,GND,
344,0,L18,VSS_74,-118.11,-442.22,,,,,,,GND,
345,0,M7,VSS_75,35.43,-456,,,,,,,GND,
346,0,M8,VSS_76,21.65,-456,,,,,,,GND,
347,0,M9,VSS_77,7.87,-456,,,,,,,GND,
348,0,M10,VSS_78,-7.87,-456,,,,,,,GND,
349,0,M18,VSS_79,-118.11,-456,,,,,,,GND,
350,0,N6,VSS_80,49.21,-469.78,,,,,,,GND,
351,0,N8,VSS_81,21.65,-469.78,,,,,,,GND,
352,0,N9,VSS_82,7.87,-469.78,,,,,,,GND,
353,0,N10,VSS_83,-7.87,-469.78,,,,,,,GND,
354,0,N18,VSS_84,-118.11,-469.78,,,,,,,GND,
355,0,P2,VSS_85,104.33,-483.56,,,,,,,GND,
356,0,P4,VSS_86,76.77,-483.56,,,,,,,GND,
357,0,P10,VSS_87,-7.87,-483.56,,,,,,,GND,
358,0,P11,VSS_88,-21.65,-483.56,,,,,,,GND,
359,0,P18,VSS_89,-118.11,-483.56,,,,,,,GND,
360,0,R4,VSS_90,76.77,-497.34,,,,,,,GND,
361,0,R11,VSS_91,-21.65,-497.34,,,,,,,GND,
362,0,R12,VSS_92,-35.43,-497.34,,,,,,,GND,
363,0,R16,VSS_93,-90.55,-497.34,,,,,,,GND,
364,0,R17,VSS_94,-104.33,-497.34,,,,,,,GND,
365,0,R18,VSS_95,-118.11,-497.34,,,,,,,GND,
366,0,T3,VSS_96,90.55,-511.12,,,,,,,GND,
367,0,T4,VSS_97,76.77,-511.12,,,,,,,GND,
368,0,T13,VSS_98,-49.21,-511.12,,,,,,,GND,
369,0,T14,VSS_99,-62.99,-511.12,,,,,,,GND,
370,0,T15,VSS_100,-76.77,-511.12,,,,,,,GND,
371,0,T16,VSS_101,-90.55,-511.12,,,,,,,GND,
372,0,T17,VSS_102,-104.33,-511.12,,,,,,,GND,
373,0,T18,VSS_103,-118.11,-511.12,,,,,,,GND,
374,0,U1,VSS_104,118.11,-524.9,,,,,,,GND,
375,0,U2,VSS_105,104.33,-524.9,,,,,,,GND,
376,0,U3,VSS_106,90.55,-524.9,,,,,,,GND,
377,0,U4,VSS_107,76.77,-524.9,,,,,,,GND,
378,0,U13,VSS_108,-49.21,-524.9,,,,,,,GND,
379,0,U15,VSS_109,-76.77,-524.9,,,,,,,GND,
380,0,U16,VSS_110,-90.55,-524.9,,,,,,,GND,
381,0,U17,VSS_111,-104.33,-524.9,,,,,,,GND,
382,0,U18,VSS_112,-118.11,-524.9,,,,,,,GND,
383,0,V1,VSS_113,118.11,-538.68,,,,,,,GND,
384,0,V2,VSS_114,104.33,-538.68,,,,,,,GND,
385,0,V3,VSS_115,90.55,-538.68,,,,,,,GND,
386,0,V4,VSS_116,76.77,-538.68,,,,,,,GND,
387,0,V13,VSS_117,-49.21,-538.68,,,,,,,GND,
388,0,V18,VSS_118,-118.11,-538.68,,,,,,,GND,
389,0,W1,VSS_119,118.11,-552.46,,,,,,,GND,
390,0,W2,VSS_120,104.33,-552.46,,,,,,,GND,
391,0,W18,VSS_121,-118.11,-552.46,,,,,,,GND,
392,0,Y1,VSS_122,118.11,-566.24,,,,,,,GND,
393,0,Y2,VSS_123,104.33,-566.24,,,,,,,GND,
394,0,Y18,VSS_124,-118.11,-566.24,,,,,,,GND,
395,0,C5,VSS_BSTLQ,62.99,-331.99,,,,,,,GND,
396,0,Y15,VSS_BUCK2,-76.77,-566.24,,,,,,,GND,
397,0,A4,VSS_BUCK6_0,76.77,-304.43,,,,,,,GND,
398,0,B4,VSS_BUCK6_1,76.77,-318.21,,,,,,,GND,
399,0,A16,VSS_WLED_HP1_0,-86.61,-302.46,,,,,,,GND,
400,0,B16,VSS_WLED_HP1_1,-86.61,-318.21,,,,,,,GND,
401,0,C17,VSS_WLED_HP2_0,-102.36,-333.96,,,,,,,GND,
402,0,C18,VSS_WLED_HP2_1,-118.11,-333.96,,,,,,,GND,
403,0,A17,VSS_WLED_LP_0,-102.36,-302.46,,,,,,,GND,
404,0,A18,VSS_WLED_LP_1,-118.11,-302.46,,,,,,,GND,
405,0,,K5701,,,,,UDB109,24.util109,24.T309,,Utility,
406,0,,K5601,,,,,UDB070,24.util70,24.P309,,Utility,
407,0,,K6801,,,,,UDB021,24.util21,24.H204,,Utility,
408,0,,K6802,,,,,UDB029,24.util29,2.40E+205,,Utility,
409,0,,K6803,,,,,UDB027,24.util27,24.G204,,Utility,
410,0,,K6901,,,,,UDB026,24.util26,24.T209,,Utility,
411,0,,K6902,,,,,UDB025,24.util25,24.P207,,Utility,
412,0,,K6903,,,,,UDB028,24.util28,24.W209,,Utility,
413,0,,K6904,,,,,UDB042,24.util42,24.S209,,Utility,
414,0,,K4703,,,,,UDB089,24.util89,24.G309,,Utility,
415,0,,K4702,,,,,UDB007,24.util7,24.G202,,Utility,
416,0,,K4701,,,,,UDB064,24.util64,24.H311,,Utility,
417,0,,K5301,,,,,UDB065,24.util65,24.N311,,Utility,
418,0,,K5201,,,,,UDB085,24.util85,24.J307,,Utility,
419,0,,K5202,,,,,UDB086,24.util86,24.G307,,Utility,
420,0,,K5102,,,,,UDB074,24.util74,24.M311,,Utility,
421,0,,K5101,,,,,UDB076,24.util76,24.K309,,Utility,
422,0,,K5001,,,,,UDB081,24.util81,24.E309,,Utility,
423,0,,K5002,,,,,UDB082,24.util82,24.H307,,Utility,
424,0,,K4901,,,,,UDB080,24.util80,24.S311,,Utility,
425,0,,K4902,,,,,UDB091,24.util91,24.R309,,Utility,
426,0,,K4802,,,,,UDB083,24.util83,24.E307,,Utility,
427,0,,K4801,,,,,UDB088,24.util88,24.F309,,Utility,
428,0,,K2102,,,,,UDB069,24.util69,24.H309,,Utility,
429,0,,K2101,,,,,UDB071,24.util71,24.J309,,Utility,
430,0,,K2103,,,,,UDB125,24.util125,24.T311,,Utility,
431,0,,K2104,,,,,UDB093,24.util93,24.S309,,Utility,
432,0,,K2105,,,,,UDB073,24.util73,24.R311,,Utility,
433,0,,K2106,,,,,UDB068,24.util68,24.N309,,Utility,
434,0,,K2107,,,,,UDB072,24.util72,24.K311,,Utility,
435,0,,K3904,,,,,UDB051,24.util51,24.P211,,Utility,
436,0,,K3901,,,,,UDB010,24.util10,24.T211,,Utility,
437,0,,K3902,,,,,UDB063,24.util63,24.S211,,Utility,
438,0,,K3903,,,,,UDB005,24.util5,24.F202,,Utility,
439,0,,K3101,,,,,UDB013,24.util13,24.H202,,Utility,
440,0,,K1601,,,,,UDB062,24.util62,24.R211,,Utility,
441,0,,CB_BSTLQ_LX_UVI80,,,,,15.UP16_CH243,15.CH243,15.Z322,,I/O,UP1600 used for relay control signal
442,0,,K1402,,,,,UDB066,24.util66,24.J311,,Utility,
443,0,,K1403,,,,,UDB079,24.util79,24.G311,,Utility,
444,0,,K1404,,,,,UDB084,24.util84,24.F307,,Utility,
445,0,,CB_VDD_BSTLQ_IN_BSTLQ_VOUT,,,,,15.UP16_CH242,15.CH242,15.Z320,,I/O,UP1600 used for relay control signal
446,0,,K4201,,,,,UDB067,24.util67,24.P311,,Utility,
447,0,,K4202,,,,,UDB067,24.util67,24.P311,,Utility,
448,0,,K4101,,,,,UDB075,24.util75,24.E311,,Utility,
449,0,,K7015,,,,,UDB023,24.util23,24.R202,,Utility,
450,0,,K7014,,,,,UDB014,24.util14,24.S202,,Utility,
451,0,,K7012,,,,,UDB055,24.util55,24.F209,,Utility,
452,0,,K7013,,,,,UDB035,24.util35,2.40E+209,,Utility,
453,0,,K7011,,,,,UDB031,24.util31,24.R204,,Utility,
454,0,,K7003,,,,,UDB078,24.util78,24.M309,,Utility,
455,0,,K7001,,,,,UDB046,24.util46,24.G209,,Utility,
456,0,,K7002,,,,,UDB054,24.util54,2.40E+211,,Utility,
457,0,,K7004,,,,,UDB038,24.util38,24.S207,,Utility,
458,0,,K7005,,,,,UDB036,24.util36,24.F207,,Utility,
459,0,,K7006,,,,,UDB008,24.util8,24.W204,,Utility,
460,0,,K7007,,,,,UDB002,24.util2,2.40E+203,,Utility,
461,0,,K7008,,,,,UDB017,24.util17,24.G207,,Utility,
462,0,,K7009,,,,,UDB039,24.util39,24.T204,,Utility,
463,0,,K7010,,,,,UDB009,24.util9,24.F204,,Utility,
464,0,,K1043,,,,,UDB127,24.util127,24.W302,,Utility,
465,0,,K1041,,,,,UDB056,24.util56,2.40E+212,,Utility,
466,0,,K1039,,,,,UDB049,24.util49,24.N211,,Utility,
467,0,,K1072,,,,,UDB077,24.util77,24.F311,,Utility,
468,0,,K1060,,,,,UDB096,24.util96,24.R307,,Utility,
469,0,,K1059,,,,,UDB097,24.util97,24.S307,,Utility,
470,0,,K1061,,,,,UDB094,24.util94,24.P307,,Utility,
471,0,,K1046,,,,,UDB108,24.util108,2.40E+305,,Utility,
472,0,,K1047,,,,,UDB061,24.util61,24.K209,,Utility,
473,0,,K1048,,,,,UDB110,24.util110,24.F304,,Utility,
474,0,,K1049,,,,,UDB032,24.util32,24.J209,,Utility,
475,0,,K1050,,,,,UDB099,24.util99,24.P304,,Utility,
476,0,,K1051,,,,,UDB100,24.util100,24.N304,,Utility,
477,0,,K1052,,,,,UDB102,24.util102,24.M304,,Utility,
478,0,,K1053,,,,,UDB101,24.util101,24.H304,,Utility,
479,0,,K1054,,,,,UDB098,24.util98,24.K304,,Utility,
480,0,,K1056,,,,,UDB092,24.util92,24.N307,,Utility,
481,0,,K1055,,,,,UDB103,24.util103,24.J304,,Utility,
482,0,,K1057,,,,,UDB105,24.util105,24.S304,,Utility,
483,0,,K1058,,,,,UDB095,24.util95,24.T307,,Utility,
484,0,,K1029,,,,,UDB115,24.util115,24.P302,,Utility,
485,0,,K1030,,,,,UDB104,24.util104,24.T304,,Utility,
486,0,,K1031,,,,,UDB006,24.util6,24.N202,,Utility,
487,0,,K1032,,,,,UDB011,24.util11,24.K202,,Utility,
488,0,,K1033,,,,,UDB034,24.util34,24.H207,,Utility,
489,0,,K1034,,,,,UDB053,24.util53,24.H209,,Utility,
490,0,,K1035,,,,,UDB015,24.util15,24.J202,,Utility,
491,0,,K1036,,,,,UDB004,24.util4,24.M202,,Utility,
492,0,,K1037,,,,,UDB003,24.util3,24.P202,,Utility,
493,0,,K1038,,,,,UDB059,24.util59,24.M211,,Utility,
494,0,,K1040,,,,,UDB124,24.util124,24.H302,,Utility,
495,0,,K1042,,,,,UDB113,24.util113,24.T302,,Utility,
496,0,,K1044,,,,,UDB106,24.util106,24.G304,,Utility,
497,0,,K1045,,,,,UDB114,24.util114,2.40E+303,,Utility,
498,0,,K1015,,,,,UDB122,24.util122,24.K302,,Utility,
499,0,,K1016,,,,,UDB126,24.util126,24.J302,,Utility,
500,0,,K1017,,,,,UDB090,24.util90,24.M307,,Utility,
501,0,,K1018,,,,,UDB107,24.util107,24.W307,,Utility,
502,0,,K1019,,,,,UDB123,24.util123,24.W304,,Utility,
503,0,,K1020,,,,,UDB121,24.util121,24.S302,,Utility,
504,0,,K1021,,,,,UDB045,24.util45,24.N207,,Utility,
505,0,,K1022,,,,,UDB043,24.util43,24.M207,,Utility,
506,0,,K1023,,,,,UDB019,24.util19,24.P204,,Utility,
507,0,,K1024,,,,,UDB020,24.util20,24.N204,,Utility,
508,0,,K1025,,,,,UDB041,24.util41,24.M209,,Utility,
509,0,,K1026,,,,,UDB120,24.util120,24.R302,,Utility,
510,0,,K1027,,,,,UDB111,24.util111,24.W309,,Utility,
511,0,,K1028,,,,,UDB058,24.util58,24.F211,,Utility,
512,0,,K1014,,,,,UDB116,24.util116,24.M302,,Utility,
513,0,,K1010,,,,,UDB048,24.util48,24.H211,,Utility,
514,0,,K1011,,,,,UDB050,24.util50,24.J211,,Utility,
515,0,,K1012,,,,,UDB057,24.util57,24.K211,,Utility,
516,0,,K1013,,,,,UDB118,24.util118,24.N302,,Utility,
517,0,,K1006,,,,,UDB117,24.util117,24.F302,,Utility,
518,0,,K1007,,,,,UDB033,24.util33,24.P209,,Utility,
519,0,,K1008,,,,,UDB037,24.util37,24.J207,,Utility,
520,0,,K1009,,,,,UDB060,24.util60,24.G211,,Utility,
521,0,,K1004,,,,,UDB040,24.util40,24.R209,,Utility,
522,0,,K1005,,,,,UDB112,24.util112,24.R304,,Utility,
523,0,,K1003,,,,,UDB052,24.util52,24.N209,,Utility,
524,0,,K1002,,,,,UDB119,24.util119,24.G302,,Utility,
525,0,,K1001,,,,,UDB087,24.util87,24.K307,,Utility,
526,0,,K1062,,,,,UDB022,24.util22,24.T202,,Utility,
527,0,,K1063,,,,,UDB022,24.util22,24.T202,,Utility,
528,0,,K1064,,,,,UDB030,24.util30,24.S204,,Utility,
529,0,,K1066,,,,,UDB024,24.util24,24.W207,,Utility,
530,0,,K1068,,,,,UDB044,24.util44,24.T207,,Utility,
531,0,,K1069,,,,,UDB044,24.util44,24.T207,,Utility,
532,0,,K1067,,,,,UDB024,24.util24,24.W207,,Utility,
533,0,,K1065,,,,,UDB030,24.util30,24.S204,,Utility,
534,0,,K1071,,,,,UDB047,24.util47,24.R207,,Utility,
535,0,,K1070,,,,,UDB047,24.util47,24.R207,,Utility,
536,0,,K6301,,,,,UDB012,24.util12,24.W202,,Utility,
537,0,,K6309,,,,,UDB001,24.util1,24.M204,,Utility,
538,0,,K6308,,,,,UDB001,24.util1,24.M204,,Utility,
539,0,,K6307,,,,,UDB018,24.util18,24.K204,,Utility,
540,0,,K6306,,,,,UDB018,24.util18,24.K204,,Utility,
541,0,,K6305,,,,,UDB016,24.util16,24.K207,,Utility,
542,0,,K6304,,,,,UDB016,24.util16,24.K207,,Utility,
543,0,,K6303,,,,,UDB000,24.util0,24.J204,,Utility,
544,0,,K6302,,,,,UDB000,24.util0,24.J204,,Utility,
545,1,G17,AMUX_P0,-102.36,471.76,,,15.UP16_CH148,15.CH148,15.D314,,I/O,
546,1,M16,AMUX_N0,-90.55,412.71,,,15.UP16_CH091,15.CH91,15.H402,,I/O,
547,1,H17,AMUX_A2,-102.36,456.01,,,15.UP16_CH158,15.CH158,15.F314,,I/O,
548,1,P17,AMUX_A3,-104.33,385.15,,,15.UP16_CH071,15.CH71,15.K414,,I/O,
549,1,J17,AMUX_A4,-102.36,440.27,,,15.UP16_CH154,15.CH154,15.F318,,I/O,
550,1,N17,AMUX_A5,-104.33,398.93,,,15.UP16_CH067,15.CH67,15.H414,,I/O,
551,1,L17,AMUX_A6,-104.33,426.49,,,15.UP16_CH084,15.CH84,15.K410,,I/O,
552,1,M17,AMUX_A7,-104.33,412.71,,,15.UP16_CH081,15.CH81,15.N408,,I/O,
553,1,N16,AMUX_B0,-90.55,398.93,,,15.UP16_CH090,15.CH90,15.H404,,I/O,
554,1,L16,AMUX_B1,-90.55,426.49,,,15.UP16_CH093,15.CH93,15.K402,,I/O,
555,1,P16,AMUX_B2,-90.55,385.15,,,15.UP16_CH074,15.CH74,15.K422,,I/O,
556,1,J16,AMUX_B3,-86.61,440.27,,,15.UP16_CH069,15.CH69,15.K418,,I/O,
557,1,P15,AMUX_B4,-76.77,385.15,,,15.UP16_CH086,15.CH86,15.N406,,I/O,
558,1,H16,AMUX_B5,-86.61,456.01,,,15.UP16_CH089,15.CH89,15.H410,,I/O,
559,1,M15,AMUX_B6,-76.77,412.71,,,15.UP16_CH156,15.CH156,15.D320,,I/O,
560,1,G16,AMUX_B7,-86.61,471.76,,,15.UP16_CH131,15.CH131,15.F310,,I/O,
561,1,N15,AMUX_AY,-76.77,398.93,,,15.UP16_CH076,15.CH76,15.N416,,I/O,
562,1,R15,AMUX_BY,-76.77,371.37,,,15.UP16_CH078,15.CH78,15.N412,,I/O,
563,1,L14,TCAL,-62.99,426.49,,,15.UP16_CH080,15.CH80,15.N410,,I/O,
564,1,F15,TDEV1,-70.87,487.51,,,15.UP16_CH088,15.CH88,15.H412,,I/O,
565,1,G15,TDEV2,-70.87,471.76,,,15.UP16_CH094,15.CH94,15.H408,,I/O,
566,1,P14,TDEV3,-62.99,385.15,,,15.UP16_CH095,15.CH95,15.H406,,I/O,
567,1,H15,TDEV4,-70.87,456.01,,,15.UP16_CH092,15.CH92,15.K404,,I/O,
568,1,J15,TDEV5,-70.87,440.27,,,15.UP16_CH083,15.CH83,15.N402,,I/O,
569,1,R5,GPIO1,62.99,371.37,,,15.UP16_CH218,15.CH218,15.X320,,I/O,
570,1,Y14,GPIO2,-62.99,302.47,,,15.UP16_CH144,15.CH144,15.B314,,I/O,
571,1,W10,GPIO3,-7.87,316.25,,,15.UP16_CH147,15.CH147,15.B322,,I/O,
572,1,Y13,GPIO4,-49.21,302.47,,,15.UP16_CH150,15.CH150,15.B318,,I/O,
573,1,Y12,GPIO5,-35.43,302.47,,,15.UP16_CH198,15.CH198,15.T308,,I/O,
574,1,Y11,GPIO6,-21.65,302.47,,,15.UP16_CH194,15.CH194,15.X308,,I/O,
575,1,Y10,GPIO7,-7.87,302.47,,,15.UP16_CH208,15.CH208,15.R314,,I/O,
576,1,W9,GPIO8,7.87,316.25,,,15.UP16_CH204,15.CH204,15.R308,,I/O,
577,1,U9,GPIO9,7.87,343.81,,,15.UP16_CH030,15.CH30,15.Z410,,I/O,
578,1,Y9,GPIO10,7.87,302.47,,,15.UP16_CH214,15.CH214,15.R318,,I/O,
579,1,W8,GPIO11,21.65,316.25,,,15.UP16_CH210,15.CH210,15.R320,,I/O,
580,1,Y8,GPIO12,21.65,302.47,,,15.UP16_CH014,15.CH14,15.AD414,,I/O,
581,1,V8,GPIO13,21.65,330.03,,,15.UP16_CH128,15.CH128,15.F302,,I/O,
582,1,V7,GPIO14,35.43,330.03,,,15.UP16_CH138,15.CH138,15.D302,,I/O,
583,1,P8,GPIO15,21.65,385.15,,,15.UP16_CH140,15.CH140,15.B306,,I/O,
584,1,U7,GPIO16,35.43,343.81,,,15.UP16_CH136,15.CH136,15.B302,,I/O,
585,1,Y7,GPIO17,35.43,302.47,,,15.UP16_CH024,15.CH24,15.AB412,,I/O,
586,1,Y6,GPIO18,49.21,302.47,,,15.UP16_CH016,15.CH16,15.AD410,,I/O,
587,1,W7,GPIO19,35.43,316.25,,,15.UP16_CH220,15.CH220,15.T320,,I/O,
588,1,Y5,GPIO20,62.99,302.47,,,15.UP16_CH020,15.CH20,15.AB410,,I/O,
589,1,V6,GPIO21,49.21,330.03,,,15.UP16_CH215,15.CH215,15.T318,,I/O,
590,1,U6,GPIO22,49.21,343.81,,,15.UP16_CH223,15.CH223,15.X318,,I/O,
591,1,W6,GPIO23,49.21,316.25,,,15.UP16_CH221,15.CH221,15.T322,,I/O,
592,1,Y4,GPIO24,76.77,302.47,,,15.UP16_CH025,15.CH25,15.Z412,,I/O,
593,1,P5,GPIO25,62.99,385.15,,,15.UP16_CH206,15.CH206,15.R312,,I/O,
594,1,T7,DFT_CTRL_0,35.43,357.59,,,15.UP16_CH146,15.CH146,15.B320,,I/O,
595,1,P7,DFT_CTRL_1,35.43,385.15,,,15.UP16_CH151,15.CH151,15.D318,,I/O,
596,1,T10,RESET_IN1,-7.87,357.59,,,15.UP16_CH222,15.CH222,15.X316,,I/O,
597,1,R10,RESET_IN2,-7.87,371.37,,,15.UP16_CH199,15.CH199,15.T310,,I/O,
598,1,T9,RESET_IN3,7.87,357.59,,,15.UP16_CH192,15.CH192,15.X302,,I/O,
599,1,V11,BUTTON1,-21.65,330.03,,,15.UP16_CH202,15.CH202,15.T302,,I/O,
600,1,U11,BUTTON2,-21.65,343.81,,,15.UP16_CH216,15.CH216,15.X312,,I/O,
601,1,T11,BUTTON3,-21.65,357.59,,,15.UP16_CH217,15.CH217,15.X314,,I/O,
602,1,U10,BUTTON4,-7.87,343.81,,,15.UP16_CH022,15.CH22,15.AD406,,I/O,
603,1,R14,ADC_IN,-62.99,371.37,,,15.UP16_CH196,15.CH196,15.X306,,I/O,
604,1,T8,ACTIVE_READY,21.65,357.59,,,15.UP16_CH193,15.CH193,15.X304,,I/O,
605,1,P9,SYS_ALIVE,7.87,385.15,,,15.UP16_CH087,15.CH87,15.K406,,I/O,
606,1,U12,BUTTONO1,-35.43,343.81,,,15.UP16_CH207,15.CH207,15.T312,,I/O,
607,1,T12,BUTTONO2,-35.43,357.59,,,15.UP16_CH153,15.CH153,15.F312,,I/O,
608,1,V10,BUTTONO3,-7.87,330.03,,,15.UP16_CH203,15.CH203,15.T304,,I/O,
609,1,R9,CRASH_L,7.87,371.37,,,15.UP16_CH141,15.CH141,15.B308,,I/O,
610,1,R8,RESET_L,21.65,371.37,,,15.UP16_CH085,15.CH85,15.K408,,I/O,
611,1,U8,FAULT_OUT_L,21.65,343.81,,,15.UP16_CH205,15.CH205,15.R310,,I/O,
612,1,W14,FORCE_SYNC,-62.99,316.25,,,15.UP16_CH072,15.CH72,15.N420,,I/O,
613,1,W12,CPU_TRIGGER0_L,-35.43,316.25,,,15.UP16_CH149,15.CH149,15.D316,,I/O,
614,1,W11,CPU_TRIGGER1_L,-21.65,316.25,,,15.UP16_CH145,15.CH145,15.B316,,I/O,
615,1,W13,GPU_TRIGGER0_L,-49.21,316.25,,,15.UP16_CH159,15.CH159,15.F316,,I/O,
616,1,V14,GPU_TRIGGER1_L,-62.99,330.03,,,15.UP16_CH075,15.CH75,15.K420,,I/O,
617,1,W5,OUT_32K,62.99,316.25,,,15.UP16_CH019,15.CH19,15.AD402,,I/O,
618,1,V9,SHDN,7.87,330.03,,,15.UP16_CH201,15.CH201,15.R306,,I/O,
619,1,T5,SLEEP_32K,62.99,357.59,,,15.UP16_CH219,15.CH219,15.X322,,I/O,
620,1,T6,SPMI_SCLK,49.21,357.59,,,15.UP16_CH018,15.CH18,15.AD404,,I/O,
621,1,R6,SPMI_SDATA,49.21,371.37,,,15.UP16_CH077,15.CH77,15.N414,,I/O,
622,1,R7,UVWARN_L,35.43,371.37,,,15.UP16_CH079,15.CH79,15.K412,,I/O,
623,1,V12,DBLCLICK_DET,-35.43,330.03,,,15.UP16_CH143,15.CH143,15.B312,,I/O,
624,1,P1,XIN,118.11,385.15,,,15.UP16_CH028,15.CH28,15.AB404,,I/O,
625,1,R1,XOUT,118.11,371.37,,,15.UP16_CH029,15.CH29,15.AB402,,I/O,
626,1,T2,VPP,104.33,357.59,,,15.UP16_CH070,15.CH70,15.K416,,I/O,
627,1,P6,LDO13_EN,49.21,385.15,,,15.UP16_CH026,15.CH26,15.Z406,,I/O,
628,1,R3,NXTAL_MEMS,90.55,371.37,,,15.UP16_CH023,15.CH23,15.AB406,,I/O,
629,1,M12,VSS_REF,-35.43,412.71,,,15.UP16_CH066,15.CH66,15.H416,,I/O,
630,1,R2,VSS_DFT_2,104.33,371.37,,,15.UP16_CH073,15.CH73,15.N418,,I/O,
631,1,Y3,VDD_BOOST_UVLO_L,90.55,302.47,,,15.UP16_CH017,15.CH17,15.AD408,,I/O,
632,1,Y17,BUCK2_LX,-104.33,302.47,,,15.UP16_CH212,15.CH212,15.T314,,I/O,
633,1,A3,BUCK6_LX_0,90.55,564.28,,,15.UP16_CH065,15.CH65,15.H420,,I/O,
634,1,B3,BUCK6_LX_1,90.55,550.5,,,15.UP16_CH065,15.CH65,15.H420,,I/O,
635,1,,REFCLK_32KHZ_PA,,,,,15.UP16_CH015,15.CH15,15.AD412,,I/O,
636,1,,MONITOR_CHANNEL,,,,,15.UP16_CH050,15.CH50,15.X404,,I/O,
637,1,,ADG1414_SCLK,,,,,15.UP16_CH132,15.CH132,15.F306,,I/O,
638,1,,ADG1414_SYNC,,,,,15.UP16_CH134,15.CH134,15.D308,,I/O,
639,1,,ADG1414_RESET,,,,,15.UP16_CH135,15.CH135,15.D310,,I/O,
640,1,,ADG1414_DIN,,,,,15.UP16_CH129,15.CH129,15.F304,,I/O,
641,1,,ADG1414_SDO,,,,,15.UP16_CH133,15.CH133,15.D306,,I/O,
642,1,R14,ADC_IN_UVI80,-62.99,371.37,,,7.VI80_FRC76,7.sense76,7.M410,,DCVI,
643,1,N15,AMUX_AY_UVI80,-76.77,398.93,,,7.VI80_FRC06,7.sense6,7.F406,,DCVI,
644,1,R15,AMUX_BY_UVI80,-76.77,371.37,,,7.VI80_FRC13,7.sense13,7.A307,,DCVI,
645,1,M14,BRICK_ID1_UVI80,-62.99,412.71,,,7.VI80_FRC76,7.sense76,7.M410,,DCVI,
646,1,N14,BRICK_ID2_UVI80,-62.99,398.93,,,7.VI80_FRC76,7.sense76,7.M410,,DCVI,
647,1,C6,BSTLQ_LX_UVI80,49.21,536.72,,,7.VI80_FRC21,7.sense21,7.K302,,DCVI,
648,1,C7,BSTLQ_VOUT_UVI80,35.43,536.72,,,7.VI80_FRC67,7.sense67,7.C411,,DCVI,
649,1,V5,BUCK_SWI0_IN_UVI80,62.99,330.03,,,7.VI80_FRC75,7.sense75,7.R415,power,DCVI,
650,1,U5,BUCK_SWI1_IN_UVI80,62.99,343.81,,,7.VI80_FRC74,7.sense74,7.P413,power,DCVI,
651,1,Y16,BUCK2_CBOT_UVI80,-90.55,302.47,,,7.VI80_FRC58,7.sense58,7.S312,,DCVI,
652,1,W16,BUCK2_CTOP_UVI80,-90.55,316.25,,,7.VI80_FRC53,7.sense53,7.E315,,DCVI,
653,1,V17,BUCK2_FB_UVI80,-104.33,330.03,,,7.VI80_FRC66,7.sense66,7.A311,,DCVI,
654,1,Y17,BUCK2_LX_UVI80,-104.33,302.47,,,7.VI80_FRC42,7.sense42,7.N214,,DCVI,
655,1,D3,BUCK6_FB_UVI80,90.55,522.94,,,7.VI80_FRC25,7.sense25,7.R308,,DCVI,
656,1,A3,BUCK6_LX_UVI80,90.55,564.28,,,7.VI80_FRC51,7.sense51,7.C209,,DCVI,
657,1,A1,BUCK6_VOUT_UVI80_0,118.11,564.28,,,7.VI80_FRC55,7.sense55,7.S315,,DCVI,
658,1,B1,BUCK6_VOUT_UVI80_1,118.11,550.5,,,7.VI80_FRC55,7.sense55,7.S315,,DCVI,
659,1,C1,BUCK6_VOUT_UVI80_2,118.11,536.72,,,7.VI80_FRC55,7.sense55,7.S315,,DCVI,
660,1,M13,IBAT_UVI80,-49.21,412.71,,,7.VI80_FRC10,7.sense10,7.R402,,DCVI,
661,1,E14,IDAC_OUT_0_UVI80,-55.12,503.26,,,7.VI80_FRC22,7.sense22,7.N306,,DCVI,
662,1,E14,IDAC_5_0_0_BUS_UVI80,-55.12,503.26,,,7.VI80_FRC32,7.sense32,7.K205,,DCVI,
663,1,E13,IDAC_OUT_1_UVI80,-39.37,503.26,,,7.VI80_FRC22,7.sense22,7.N306,,DCVI,
664,1,E13,IDAC_5_0_1_BUS_UVI80,-39.37,503.26,,,7.VI80_FRC32,7.sense32,7.K205,,DCVI,
665,1,E11,IDAC_OUT_2_UVI80,-7.87,503.26,,,7.VI80_FRC22,7.sense22,7.N306,,DCVI,
666,1,E11,IDAC_5_0_2_BUS_UVI80,-7.87,503.26,,,7.VI80_FRC32,7.sense32,7.K205,,DCVI,
667,1,E10,IDAC_OUT_3_UVI80,7.87,503.26,,,7.VI80_FRC22,7.sense22,7.N306,,DCVI,
668,1,E10,IDAC_5_0_3_BUS_UVI80,7.87,503.26,,,7.VI80_FRC32,7.sense32,7.K205,,DCVI,
669,1,F14,IDAC_OUT_4_UVI80,-55.12,487.51,,,7.VI80_FRC22,7.sense22,7.N306,,DCVI,
670,1,F14,IDAC_5_0_4_BUS_UVI80,-55.12,487.51,,,7.VI80_FRC32,7.sense32,7.K205,,DCVI,
671,1,F13,IDAC_OUT_5_UVI80,-39.37,487.51,,,7.VI80_FRC22,7.sense22,7.N306,,DCVI,
672,1,F13,IDAC_5_0_5_BUS_UVI80,-39.37,487.51,,,7.VI80_FRC32,7.sense32,7.K205,,DCVI,
673,1,F11,IDAC_OUT_6_UVI80,-7.87,487.51,,,7.VI80_FRC22,7.sense22,7.N306,,DCVI,
674,1,F11,IDAC_11_6_6_BUS_UVI80,-7.87,487.51,,,7.VI80_FRC37,7.sense37,7.R202,,DCVI,
675,1,F10,IDAC_OUT_7_UVI80,7.87,487.51,,,7.VI80_FRC22,7.sense22,7.N306,,DCVI,
676,1,F10,IDAC_11_6_7_BUS_UVI80,7.87,487.51,,,7.VI80_FRC37,7.sense37,7.R202,,DCVI,
677,1,G13,IDAC_OUT_8_UVI80,-39.37,471.76,,,7.VI80_FRC22,7.sense22,7.N306,,DCVI,
678,1,G13,IDAC_11_6_8_BUS_UVI80,-39.37,471.76,,,7.VI80_FRC37,7.sense37,7.R202,,DCVI,
679,1,G11,IDAC_OUT_9_UVI80,-7.87,471.76,,,7.VI80_FRC22,7.sense22,7.N306,,DCVI,
680,1,G11,IDAC_11_6_9_BUS_UVI80,-7.87,471.76,,,7.VI80_FRC37,7.sense37,7.R202,,DCVI,
681,1,H14,IDAC_OUT_10_UVI80,-55.12,456.01,,,7.VI80_FRC22,7.sense22,7.N306,,DCVI,
682,1,H14,IDAC_11_6_10_BUS_UVI80,-55.12,456.01,,,7.VI80_FRC37,7.sense37,7.R202,,DCVI,
683,1,H13,IDAC_OUT_11_UVI80,-39.37,456.01,,,7.VI80_FRC22,7.sense22,7.N306,,DCVI,
684,1,H13,IDAC_11_6_11_BUS_UVI80,-39.37,456.01,,,7.VI80_FRC37,7.sense37,7.R202,,DCVI,
685,1,H11,IDAC_OUT_12_UVI80,-7.87,456.01,,,7.VI80_FRC22,7.sense22,7.N306,,DCVI,
686,1,H11,IDAC_17_12_12_BUS_UVI80,-7.87,456.01,,,7.VI80_FRC63,7.sense63,7.C309,,DCVI,
687,1,H10,IDAC_OUT_13_UVI80,7.87,456.01,,,7.VI80_FRC22,7.sense22,7.N306,,DCVI,
688,1,H10,IDAC_17_12_13_BUS_UVI80,7.87,456.01,,,7.VI80_FRC63,7.sense63,7.C309,,DCVI,
689,1,J14,IDAC_OUT_14_UVI80,-55.12,440.27,,,7.VI80_FRC22,7.sense22,7.N306,,DCVI,
690,1,J14,IDAC_17_12_14_BUS_UVI80,-55.12,440.27,,,7.VI80_FRC63,7.sense63,7.C309,,DCVI,
691,1,J13,IDAC_OUT_15_UVI80,-39.37,440.27,,,7.VI80_FRC22,7.sense22,7.N306,,DCVI,
692,1,J13,IDAC_17_12_15_BUS_UVI80,-39.37,440.27,,,7.VI80_FRC63,7.sense63,7.C309,,DCVI,
693,1,J11,IDAC_OUT_16_UVI80,-7.87,440.27,,,7.VI80_FRC22,7.sense22,7.N306,,DCVI,
694,1,J11,IDAC_17_12_16_BUS_UVI80,-7.87,440.27,,,7.VI80_FRC63,7.sense63,7.C309,,DCVI,
695,1,J10,IDAC_OUT_17_UVI80,7.87,440.27,,,7.VI80_FRC22,7.sense22,7.N306,,DCVI,
696,1,J10,IDAC_17_12_17_BUS_UVI80,7.87,440.27,,,7.VI80_FRC63,7.sense63,7.C309,,DCVI,
697,1,R13,IREF_UVI80,-49.21,371.37,,,7.VI80_FRC14,7.sense14,7.B305,,DCVI,
698,1,L14,TCAL_UVI80,-62.99,426.49,,,7.VI80_FRC17,7.sense17,7.00E+302,,DCVI,
699,1,F15,TDEV1_UVI80_0,-70.87,487.51,,,7.VI80_FRC18,7.sense18,7.G306,,DCVI,
700,1,F15,ATB3_CAL_UVI80_Hi,-70.87,487.51,,,7.VI80_FRC01,7.sense1,7.J402,,DCVI,"change the bump name to ""ATB3_CAL_UVI80_HI"""
701,1,N13,VBAT_UVI80,-49.21,398.93,,,7.VI80_FRC02,7.sense2,7.G402,,DCVI,
702,1,L15,VCP_UVI80,-76.77,426.49,,,7.VI80_FRC15,7.sense15,7.A303,power,DCVI,
703,1,D4,VDD_ANA_UVI80_0,76.77,522.94,,,7.VI80_FRC54,7.sense54,7.K315,power,DCVI,
704,1,D14,VDD_ANA_UVI80_1,-55.12,519.01,,,7.VI80_FRC54,7.sense54,7.K315,power,DCVI,
705,1,G6,VDD_ANA_UVI80_2,49.21,481.6,,,7.VI80_FRC54,7.sense54,7.K315,power,DCVI,
706,1,G7,VDD_ANA_UVI80_3,35.43,481.6,,,7.VI80_FRC54,7.sense54,7.K315,power,DCVI,
707,1,H6,VDD_ANA_UVI80_4,49.21,467.82,,,7.VI80_FRC54,7.sense54,7.K315,power,DCVI,
708,1,M6,VDD_ANA_UVI80_5,49.21,412.71,,,7.VI80_FRC54,7.sense54,7.K315,power,DCVI,
709,1,P3,VDD_ANA_UVI80_6,90.55,385.15,,,7.VI80_FRC54,7.sense54,7.K315,power,DCVI,
710,1,P13,VDD_ANA_UVI80_7,-49.21,385.15,,,7.VI80_FRC54,7.sense54,7.K315,power,DCVI,
711,1,V16,VDD_ANA_S_UVI80,-90.55,330.03,,,7.VI80_SEN54,7.sense54,7.K315,power,DCVI,
712,1,H2,VDD_B12_LDO_UVI80,104.33,467.82,,,7.VI80_FRC31,7.sense31,7.F208,power,DCVI,
713,1,J2,VDD_B4_UVI80,104.33,454.05,,,7.VI80_FRC43,7.sense43,7.M215,power,DCVI,
714,1,J3,VDD_B4_S_UVI80,90.55,454.05,,,7.VI80_SEN43,7.sense43,7.M215,power,DCVI,
715,1,G2,VDD_B6_LDO_UVI80_0,104.33,481.6,,,7.VI80_FRC47,7.sense47,7.T210,power,DCVI,
716,1,G3,VDD_B6_LDO_UVI80_1,90.55,481.6,,,7.VI80_FRC47,7.sense47,7.T210,power,DCVI,
717,1,G4,VDD_B6_LDO_S_UVI80,76.77,481.6,,,7.VI80_SEN47,7.sense47,7.T210,power,DCVI,
718,1,L11,VDD_BOOST_UVI80,-21.65,426.49,,,7.VI80_FRC34,7.sense34,7.P203,power,DCVI,
719,1,H5,VDD_BOOST_LDO_UVI80_0,62.99,467.82,,,7.VI80_FRC36,7.sense36,7.R208,power,DCVI,
720,1,J5,VDD_BOOST_LDO_UVI80_1,62.99,454.05,,,7.VI80_FRC36,7.sense36,7.R208,power,DCVI,
721,1,K5,VDD_BOOST_LDO_UVI80_2,62.99,440.27,,,7.VI80_FRC36,7.sense36,7.R208,power,DCVI,
722,1,L2,VDD_BOOST_LDO_UVI80_3,104.33,426.49,,,7.VI80_FRC36,7.sense36,7.R208,power,DCVI,
723,1,L3,VDD_BOOST_LDO_UVI80_4,90.55,426.49,,,7.VI80_FRC36,7.sense36,7.R208,power,DCVI,
724,1,L4,VDD_BOOST_LDO_UVI80_5,76.77,426.49,,,7.VI80_FRC36,7.sense36,7.R208,power,DCVI,
725,1,L5,VDD_BOOST_LDO_S_UVI80,62.99,426.49,,,7.VI80_SEN36,7.sense36,7.R208,power,DCVI,
726,1,F1,VDD_BOOST_LNV_UVI80,118.11,495.38,,,7.VI80_FRC11,7.sense11,7.S404,power,DCVI,
727,1,E3,VDD_BOOST1_UVI80,90.55,509.16,,,7.VI80_FRC34,7.sense34,7.P203,power,DCVI,
728,1,M11,VDD_BSTLQ_IN_UVI80,-21.65,412.71,,,7.VI80_FRC64,7.sense64,7.G310,power,DCVI,
729,1,W15,VDD_BUCK2_UVI80,-76.77,316.25,,,7.VI80_FRC46,7.sense46,7.A211,power,DCVI,
730,1,A2,VDD_BUCK6_UVI80_0,104.33,564.28,,,7.VI80_FRC60,7.sense60,7.N310,power,DCVI,
731,1,B2,VDD_BUCK6_UVI80_1,104.33,550.5,,,7.VI80_FRC60,7.sense60,7.N310,power,DCVI,
732,1,C2,VDD_BUCK6_S_UVI80,104.33,536.72,,,7.VI80_SEN60,7.sense60,7.N310,power,DCVI,
733,1,C11,VDD_DIG_UVI80_0,-7.87,534.75,,,7.VI80_FRC19,7.sense19,7.K307,power,DCVI,
734,1,F5,VDD_DIG_UVI80_1,62.99,495.38,,,7.VI80_FRC19,7.sense19,7.K307,power,DCVI,
735,1,L9,VDD_DIG_UVI80_2,7.87,426.49,,,7.VI80_FRC19,7.sense19,7.K307,power,DCVI,
736,1,N7,VDD_DIG_UVI80_3,35.43,398.93,,,7.VI80_FRC19,7.sense19,7.K307,power,DCVI,
737,1,U14,VDD_DIG_UVI80_4,-62.99,343.81,,,7.VI80_FRC19,7.sense19,7.K307,power,DCVI,
738,1,W3,VDD_DIG_S_UVI80,90.55,316.25,,,7.VI80_SEN19,7.sense19,7.K307,power,DCVI,
739,1,L1,VDD_LDO14_UVI80,118.11,426.49,,,7.VI80_FRC28,7.sense28,7.C205,power,DCVI,
740,1,J1,VDD_LDO6_UVI80,118.11,454.05,,,7.VI80_FRC50,7.sense50,7.N210,power,DCVI,
741,1,N2,VDD_LDO7_UVI80,104.33,398.93,,,7.VI80_FRC35,7.sense35,7.K207,power,DCVI,
742,1,E4,VDD_MAIN_UVI80_0,76.77,509.16,,,7.VI80_FRC16,7.sense16,7.A302,power,DCVI,
743,1,F4,VDD_MAIN_UVI80_1,76.77,495.38,,,7.VI80_FRC16,7.sense16,7.A302,power,DCVI,
744,1,L12,VDD_MAIN_UVI80_2,-35.43,426.49,,,7.VI80_FRC16,7.sense16,7.A302,power,DCVI,
745,1,T1,VDD_MAIN_UVI80_3,118.11,357.59,,,7.VI80_FRC16,7.sense16,7.A302,power,DCVI,
746,1,A5,VDD_MAIN_BSTLQ_UVI80,62.99,564.28,,,7.VI80_FRC30,7.sense30,7.00E+202,power,DCVI,
747,1,D15,VDD_MAIN_DRV_UVI80,-70.87,519.01,,,7.VI80_FRC24,7.sense24,7.T304,power,DCVI,
748,1,N4,VDD_MAIN_LDO_UVI80,76.77,398.93,,,7.VI80_FRC23,7.sense23,7.R302,power,DCVI,
749,1,V15,VDD_MAIN_S_UVI80,-76.77,330.03,,,7.VI80_SEN16,7.sense16,7.A302,power,DCVI,
750,1,N12,VDD_MAIN_SNS_UVI80,-35.43,398.93,,,7.VI80_FRC33,7.sense33,7.K202,power,DCVI,
751,1,D16,VDD_MAIN_SNS_WLED_UVI80,-86.61,519.01,,,7.VI80_FRC29,7.sense29,7.C207,power,DCVI,
752,1,E12,VDD_MAIN_WLED_UVI80,-23.62,503.26,,,7.VI80_FRC45,7.sense45,7.B213,power,DCVI,
753,1,W4,VDDIO1V2_UVI80,76.77,316.25,,,7.VI80_FRC12,7.sense12,7.P405,power,DCVI,
754,1,J4,VLDO1_UVI80,76.77,454.05,,,7.VI80_FRC26,7.sense26,7.D202,,DCVI,
755,1,M5,VLDO2_UVI80,62.99,412.71,,,7.VI80_FRC71,7.sense71,7.H415,,DCVI,
756,1,G1,VLDO3_UVI80,118.11,481.6,,,7.VI80_FRC08,7.sense8,7.K405,,DCVI,
757,1,K2,VLDO4_UVI80,104.33,440.27,,,7.VI80_FRC41,7.sense41,7.S215,,DCVI,
758,1,M2,VLDO5_UVI80_0,104.33,412.71,,,7.VI80_FRC80,7.sense80,7.X415,,DCVI,
759,1,M3,VLDO5_UVI80_1,90.55,412.71,,,7.VI80_FRC80,7.sense80,7.X415,,DCVI,
760,1,M4,VLDO5_UVI80_2,76.77,412.71,,,7.VI80_FRC80,7.sense80,7.X415,,DCVI,
761,1,K1,VLDO6_UVI80,118.11,440.27,,,7.VI80_FRC20,7.sense20,7.J302,,DCVI,
762,1,N1,VLDO7_UVI80,118.11,398.93,,,7.VI80_FRC77,7.sense77,7.X407,,DCVI,
763,1,G5,VLDO8_UVI80,62.99,481.6,,,7.VI80_FRC57,7.sense57,7.T310,,DCVI,
764,1,N5,VLDO9_UVI80,62.99,398.93,,,7.VI80_FRC72,7.sense72,7.C415,,DCVI,
765,1,K4,VLDO10_UVI80,76.77,440.27,,,7.VI80_FRC27,7.sense27,7.A203,,DCVI,
766,1,K3,VLDO11_UVI80,90.55,440.27,,,7.VI80_FRC03,7.sense3,7.A403,,DCVI,
767,1,H1,VLDO12_UVI80,118.11,467.82,,,7.VI80_FRC78,7.sense78,7.W402,,DCVI,
768,1,H4,VLDO13_UVI80,76.77,467.82,,,7.VI80_FRC49,7.sense49,7.K211,,DCVI,
769,1,M1,VLDO14_UVI80,118.11,412.71,,,7.VI80_FRC07,7.sense7,7.H408,,DCVI,
770,1,N3,VLDOINT_UVI80,90.55,398.93,,,7.VI80_FRC79,7.sense79,7.T412,,DCVI,
771,1,N11,VMBX_UVI80,-21.65,398.93,,,7.VI80_FRC68,7.sense68,7.C315,,DCVI,
772,1,P12,VREF_UVI80,-35.43,385.15,,,7.VI80_FRC05,7.sense5,7.A407,,DCVI,
773,1,J7,VSS_S_UVI80,35.43,454.05,,,7.VI80_FRC48,7.sense48,7.R212,,DCVI,
774,1,A15,WLED_HP1_LX_UVI80_0,-70.87,566.25,,,7.VI80_FRC39,7.sense39,7.T206,,DCVI,
775,1,B15,WLED_HP1_LX_UVI80_1,-70.87,550.5,,,7.VI80_FRC39,7.sense39,7.T206,,DCVI,
776,1,D17,WLED_HP2_LX_UVI80_0,-102.36,519.01,,,7.VI80_FRC39,7.sense39,7.T206,,DCVI,
777,1,D18,WLED_HP2_LX_UVI80_1,-118.11,519.01,,,7.VI80_FRC39,7.sense39,7.T206,,DCVI,
778,1,C15,WLED_VOUT_FB_UVI80,-70.87,534.75,,,7.VI80_FRC65,7.sense65,7.B313,,DCVI,
779,1,,RC_VOUT_UVI80,,,,,7.VI80_FRC38,7.sense38,7.S204,,DCVI,
780,1,,ATB3_CAL_UVI80_Low,,,,,7.VI80_SEN09,7.sense9,7.K403,,DCVI,"0830~change the bump name to ""ATB3_CAL_UVI80_low"
781,1,N15,AMUX_AY_DC30,-76.77,398.93,,,11.DC30_CH18F,11.sense18,11.J408,,DCVI,
782,1,R15,AMUX_BY_DC30,-76.77,371.37,,,11.DC30_CH14F,11.sense14,11.D408,,DCVI,
783,1,L14,TCAL_DC30,-62.99,426.49,,,11.DC30_CH13F,11.sense13,11.D402,,DCVI,
784,1,F15,TDEV1_DC30,-70.87,487.51,,,11.DC30_CH06F,11.sense6,11.N408,,DCVI,
785,1,P12,VREF_DC30,-35.43,385.15,,,11.DC30_CH01F,11.sense1,11.W402,,DCVI,
786,1,L13,VREF_ADC_DC30,-49.21,426.49,,,11.DC30_CH17F,11.sense17,11.J402,,DCVI,
787,1,C15,WLED_VOUT_FB_DC30,-70.87,534.75,,,11.DC30_CH02F,11.sense2,11.S402,,DCVI,
788,1,T2,VPP_DC30,104.33,357.59,,,11.DC30_CH10F,11.sense10,11.S408,power,DCVI,
789,1,A15,WLED_HP1_LX_DC30_0,-70.87,566.25,,,11.DC30_CH05F,11.sense5,11.N402,,DCVI,
790,1,B15,WLED_HP1_LX_DC30_1,-70.87,550.5,,,11.DC30_CH05F,11.sense5,11.N402,,DCVI,
791,1,D17,WLED_HP2_LX_DC30_0,-102.36,519.01,,,11.DC30_CH05F,11.sense5,11.N402,,DCVI,
792,1,D18,WLED_HP2_LX_DC30_1,-118.11,519.01,,,11.DC30_CH05F,11.sense5,11.N402,,DCVI,
793,1,B17,WLED_LP_LX_DC30_0,-102.36,550.5,,,11.DC30_CH05F,11.sense5,11.N402,,DCVI,
794,1,B18,WLED_LP_LX_DC30_1,-118.11,550.5,,,11.DC30_CH05F,11.sense5,11.N402,,DCVI,
795,1,E14,IDAC_OUT_0_DC30,-55.12,503.26,,,11.DC30_CH09F,11.sense9,11.W408,,DCVI,
796,1,E13,IDAC_OUT_1_DC30,-39.37,503.26,,,11.DC30_CH09F,11.sense9,11.W408,,DCVI,
797,1,E11,IDAC_OUT_2_DC30,-7.87,503.26,,,11.DC30_CH09F,11.sense9,11.W408,,DCVI,
798,1,E10,IDAC_OUT_3_DC30,7.87,503.26,,,11.DC30_CH09F,11.sense9,11.W408,,DCVI,
799,1,F14,IDAC_OUT_4_DC30,-55.12,487.51,,,11.DC30_CH09F,11.sense9,11.W408,,DCVI,
800,1,F13,IDAC_OUT_5_DC30,-39.37,487.51,,,11.DC30_CH09F,11.sense9,11.W408,,DCVI,
801,1,F11,IDAC_OUT_6_DC30,-7.87,487.51,,,11.DC30_CH09F,11.sense9,11.W408,,DCVI,
802,1,F10,IDAC_OUT_7_DC30,7.87,487.51,,,11.DC30_CH09F,11.sense9,11.W408,,DCVI,
803,1,G13,IDAC_OUT_8_DC30,-39.37,471.76,,,11.DC30_CH09F,11.sense9,11.W408,,DCVI,
804,1,G11,IDAC_OUT_9_DC30,-7.87,471.76,,,11.DC30_CH09F,11.sense9,11.W408,,DCVI,
805,1,H14,IDAC_OUT_10_DC30,-55.12,456.01,,,11.DC30_CH09F,11.sense9,11.W408,,DCVI,
806,1,H13,IDAC_OUT_11_DC30,-39.37,456.01,,,11.DC30_CH09F,11.sense9,11.W408,,DCVI,
807,1,H11,IDAC_OUT_12_DC30,-7.87,456.01,,,11.DC30_CH09F,11.sense9,11.W408,,DCVI,
808,1,H10,IDAC_OUT_13_DC30,7.87,456.01,,,11.DC30_CH09F,11.sense9,11.W408,,DCVI,
809,1,J14,IDAC_OUT_14_DC30,-55.12,440.27,,,11.DC30_CH09F,11.sense9,11.W408,,DCVI,
810,1,J13,IDAC_OUT_15_DC30,-39.37,440.27,,,11.DC30_CH09F,11.sense9,11.W408,,DCVI,
811,1,J11,IDAC_OUT_16_DC30,-7.87,440.27,,,11.DC30_CH09F,11.sense9,11.W408,,DCVI,
812,1,J10,IDAC_OUT_17_DC30,7.87,440.27,,,11.DC30_CH09F,11.sense9,11.W408,,DCVI,
813,1,W17,BUCK2_VSS_FB,-104.33,316.25,,,,,,,GND,
814,1,C3,BUCK6_VSS_FB,90.55,536.72,,,,,,,GND,
815,1,A6,VSS_0,49.21,564.28,,,,,,,GND,
816,1,A7,VSS_1,35.43,564.28,,,,,,,GND,
817,1,A8,VSS_2,21.65,564.28,,,,,,,GND,
818,1,A10,VSS_3,7.87,566.25,,,,,,,GND,
819,1,A11,VSS_4,-7.87,566.25,,,,,,,GND,
820,1,A12,VSS_5,-23.62,566.25,,,,,,,GND,
821,1,A13,VSS_6,-39.37,566.25,,,,,,,GND,
822,1,A14,VSS_7,-55.12,566.25,,,,,,,GND,
823,1,B5,VSS_8,62.99,550.5,,,,,,,GND,
824,1,B6,VSS_9,49.21,550.5,,,,,,,GND,
825,1,B7,VSS_10,35.43,550.5,,,,,,,GND,
826,1,B8,VSS_11,21.65,550.5,,,,,,,GND,
827,1,B10,VSS_12,7.87,550.5,,,,,,,GND,
828,1,B11,VSS_13,-7.87,550.5,,,,,,,GND,
829,1,B12,VSS_14,-23.62,550.5,,,,,,,GND,
830,1,B13,VSS_15,-39.37,550.5,,,,,,,GND,
831,1,B14,VSS_16,-55.12,550.5,,,,,,,GND,
832,1,C4,VSS_17,76.77,536.72,,,,,,,GND,
833,1,C8,VSS_18,21.65,536.72,,,,,,,GND,
834,1,C10,VSS_19,7.87,534.75,,,,,,,GND,
835,1,C12,VSS_20,-23.62,534.75,,,,,,,GND,
836,1,C13,VSS_21,-39.37,534.75,,,,,,,GND,
837,1,C14,VSS_22,-55.12,534.75,,,,,,,GND,
838,1,C16,VSS_23,-86.61,534.75,,,,,,,GND,
839,1,D1,VSS_24,118.11,522.94,,,,,,,GND,
840,1,D2,VSS_25,104.33,522.94,,,,,,,GND,
841,1,D5,VSS_26,62.99,522.94,,,,,,,GND,
842,1,D6,VSS_27,49.21,522.94,,,,,,,GND,
843,1,D7,VSS_28,35.43,522.94,,,,,,,GND,
844,1,D8,VSS_29,21.65,522.94,,,,,,,GND,
845,1,D10,VSS_30,7.87,519.01,,,,,,,GND,
846,1,D11,VSS_31,-7.87,519.01,,,,,,,GND,
847,1,D12,VSS_32,-23.62,519.01,,,,,,,GND,
848,1,D13,VSS_33,-39.37,519.01,,,,,,,GND,
849,1,E1,VSS_34,118.11,509.16,,,,,,,GND,
850,1,E2,VSS_35,104.33,509.16,,,,,,,GND,
851,1,E5,VSS_36,62.99,509.16,,,,,,,GND,
852,1,E6,VSS_37,49.21,509.16,,,,,,,GND,
853,1,E7,VSS_38,35.43,509.16,,,,,,,GND,
854,1,E8,VSS_39,21.65,509.16,,,,,,,GND,
855,1,E15,VSS_40,-70.87,503.26,,,,,,,GND,
856,1,E16,VSS_41,-86.61,503.26,,,,,,,GND,
857,1,E17,VSS_42,-102.36,503.26,,,,,,,GND,
858,1,E18,VSS_43,-118.11,503.26,,,,,,,GND,
859,1,F2,VSS_44,104.33,495.38,,,,,,,GND,
860,1,F3,VSS_45,90.55,495.38,,,,,,,GND,
861,1,F6,VSS_46,49.21,495.38,,,,,,,GND,
862,1,F7,VSS_47,35.43,495.38,,,,,,,GND,
863,1,F8,VSS_48,21.65,495.38,,,,,,,GND,
864,1,F12,VSS_49,-23.62,487.51,,,,,,,GND,
865,1,F16,VSS_50,-86.61,487.51,,,,,,,GND,
866,1,F17,VSS_51,-102.36,487.51,,,,,,,GND,
867,1,F18,VSS_52,-118.11,487.51,,,,,,,GND,
868,1,G8,VSS_53,21.65,481.6,,,,,,,GND,
869,1,G10,VSS_54,7.87,471.76,,,,,,,GND,
870,1,G12,VSS_55,-23.62,471.76,,,,,,,GND,
871,1,G14,VSS_56,-55.12,471.76,,,,,,,GND,
872,1,G18,VSS_57,-118.11,471.76,,,,,,,GND,
873,1,H3,VSS_58,90.55,467.82,,,,,,,GND,
874,1,H7,VSS_59,35.43,467.82,,,,,,,GND,
875,1,H8,VSS_60,21.65,467.82,,,,,,,GND,
876,1,H12,VSS_61,-23.62,456.01,,,,,,,GND,
877,1,H18,VSS_62,-118.11,456.01,,,,,,,GND,
878,1,J6,VSS_63,49.21,454.05,,,,,,,GND,
879,1,J8,VSS_64,21.65,454.05,,,,,,,GND,
880,1,J12,VSS_65,-23.62,440.27,,,,,,,GND,
881,1,J18,VSS_66,-118.11,440.27,,,,,,,GND,
882,1,K6,VSS_67,49.21,440.27,,,,,,,GND,
883,1,K7,VSS_68,35.43,440.27,,,,,,,GND,
884,1,K8,VSS_69,21.65,440.27,,,,,,,GND,
885,1,L6,VSS_70,49.21,426.49,,,,,,,GND,
886,1,L7,VSS_71,35.43,426.49,,,,,,,GND,
887,1,L8,VSS_72,21.65,426.49,,,,,,,GND,
888,1,L10,VSS_73,-7.87,426.49,,,,,,,GND,
889,1,L18,VSS_74,-118.11,426.49,,,,,,,GND,
890,1,M7,VSS_75,35.43,412.71,,,,,,,GND,
891,1,M8,VSS_76,21.65,412.71,,,,,,,GND,
892,1,M9,VSS_77,7.87,412.71,,,,,,,GND,
893,1,M10,VSS_78,-7.87,412.71,,,,,,,GND,
894,1,M18,VSS_79,-118.11,412.71,,,,,,,GND,
895,1,N6,VSS_80,49.21,398.93,,,,,,,GND,
896,1,N8,VSS_81,21.65,398.93,,,,,,,GND,
897,1,N9,VSS_82,7.87,398.93,,,,,,,GND,
898,1,N10,VSS_83,-7.87,398.93,,,,,,,GND,
899,1,N18,VSS_84,-118.11,398.93,,,,,,,GND,
900,1,P2,VSS_85,104.33,385.15,,,,,,,GND,
901,1,P4,VSS_86,76.77,385.15,,,,,,,GND,
902,1,P10,VSS_87,-7.87,385.15,,,,,,,GND,
903,1,P11,VSS_88,-21.65,385.15,,,,,,,GND,
904,1,P18,VSS_89,-118.11,385.15,,,,,,,GND,
905,1,R4,VSS_90,76.77,371.37,,,,,,,GND,
906,1,R11,VSS_91,-21.65,371.37,,,,,,,GND,
907,1,R12,VSS_92,-35.43,371.37,,,,,,,GND,
908,1,R16,VSS_93,-90.55,371.37,,,,,,,GND,
909,1,R17,VSS_94,-104.33,371.37,,,,,,,GND,
910,1,R18,VSS_95,-118.11,371.37,,,,,,,GND,
911,1,T3,VSS_96,90.55,357.59,,,,,,,GND,
912,1,T4,VSS_97,76.77,357.59,,,,,,,GND,
913,1,T13,VSS_98,-49.21,357.59,,,,,,,GND,
914,1,T14,VSS_99,-62.99,357.59,,,,,,,GND,
915,1,T15,VSS_100,-76.77,357.59,,,,,,,GND,
916,1,T16,VSS_101,-90.55,357.59,,,,,,,GND,
917,1,T17,VSS_102,-104.33,357.59,,,,,,,GND,
918,1,T18,VSS_103,-118.11,357.59,,,,,,,GND,
919,1,U1,VSS_104,118.11,343.81,,,,,,,GND,
920,1,U2,VSS_105,104.33,343.81,,,,,,,GND,
921,1,U3,VSS_106,90.55,343.81,,,,,,,GND,
922,1,U4,VSS_107,76.77,343.81,,,,,,,GND,
923,1,U13,VSS_108,-49.21,343.81,,,,,,,GND,
924,1,U15,VSS_109,-76.77,343.81,,,,,,,GND,
925,1,U16,VSS_110,-90.55,343.81,,,,,,,GND,
926,1,U17,VSS_111,-104.33,343.81,,,,,,,GND,
927,1,U18,VSS_112,-118.11,343.81,,,,,,,GND,
928,1,V1,VSS_113,118.11,330.03,,,,,,,GND,
929,1,V2,VSS_114,104.33,330.03,,,,,,,GND,
930,1,V3,VSS_115,90.55,330.03,,,,,,,GND,
931,1,V4,VSS_116,76.77,330.03,,,,,,,GND,
932,1,V13,VSS_117,-49.21,330.03,,,,,,,GND,
933,1,V18,VSS_118,-118.11,330.03,,,,,,,GND,
934,1,W1,VSS_119,118.11,316.25,,,,,,,GND,
935,1,W2,VSS_120,104.33,316.25,,,,,,,GND,
936,1,W18,VSS_121,-118.11,316.25,,,,,,,GND,
937,1,Y1,VSS_122,118.11,302.47,,,,,,,GND,
938,1,Y2,VSS_123,104.33,302.47,,,,,,,GND,
939,1,Y18,VSS_124,-118.11,302.47,,,,,,,GND,
940,1,C5,VSS_BSTLQ,62.99,536.72,,,,,,,GND,
941,1,Y15,VSS_BUCK2,-76.77,302.47,,,,,,,GND,
942,1,A4,VSS_BUCK6_0,76.77,564.28,,,,,,,GND,
943,1,B4,VSS_BUCK6_1,76.77,550.5,,,,,,,GND,
944,1,A16,VSS_WLED_HP1_0,-86.61,566.25,,,,,,,GND,
945,1,B16,VSS_WLED_HP1_1,-86.61,550.5,,,,,,,GND,
946,1,C17,VSS_WLED_HP2_0,-102.36,534.75,,,,,,,GND,
947,1,C18,VSS_WLED_HP2_1,-118.11,534.75,,,,,,,GND,
948,1,A17,VSS_WLED_LP_0,-102.36,566.25,,,,,,,GND,
949,1,A18,VSS_WLED_LP_1,-118.11,566.25,,,,,,,GND,
950,1,,K5701,,,,,UDB109,24.util109,24.T309,,Utility,
951,1,,K5601,,,,,UDB070,24.util70,24.P309,,Utility,
952,1,,K6801,,,,,UDB021,24.util21,24.H204,,Utility,
953,1,,K6802,,,,,UDB029,24.util29,2.40E+205,,Utility,
954,1,,K6803,,,,,UDB027,24.util27,24.G204,,Utility,
955,1,,K6901,,,,,UDB026,24.util26,24.T209,,Utility,
956,1,,K6902,,,,,UDB025,24.util25,24.P207,,Utility,
957,1,,K6903,,,,,UDB028,24.util28,24.W209,,Utility,
958,1,,K6904,,,,,UDB042,24.util42,24.S209,,Utility,
959,1,,K4703,,,,,UDB089,24.util89,24.G309,,Utility,
960,1,,K4702,,,,,UDB007,24.util7,24.G202,,Utility,
961,1,,K4701,,,,,UDB064,24.util64,24.H311,,Utility,
962,1,,K5301,,,,,UDB065,24.util65,24.N311,,Utility,
963,1,,K5201,,,,,UDB085,24.util85,24.J307,,Utility,
964,1,,K5202,,,,,UDB086,24.util86,24.G307,,Utility,
965,1,,K5102,,,,,UDB074,24.util74,24.M311,,Utility,
966,1,,K5101,,,,,UDB076,24.util76,24.K309,,Utility,
967,1,,K5001,,,,,UDB081,24.util81,24.E309,,Utility,
968,1,,K5002,,,,,UDB082,24.util82,24.H307,,Utility,
969,1,,K4901,,,,,UDB080,24.util80,24.S311,,Utility,
970,1,,K4902,,,,,UDB091,24.util91,24.R309,,Utility,
971,1,,K4802,,,,,UDB083,24.util83,24.E307,,Utility,
972,1,,K4801,,,,,UDB088,24.util88,24.F309,,Utility,
973,1,,K2102,,,,,UDB069,24.util69,24.H309,,Utility,
974,1,,K2101,,,,,UDB071,24.util71,24.J309,,Utility,
975,1,,K2103,,,,,UDB125,24.util125,24.T311,,Utility,
976,1,,K2104,,,,,UDB093,24.util93,24.S309,,Utility,
977,1,,K2105,,,,,UDB073,24.util73,24.R311,,Utility,
978,1,,K2106,,,,,UDB068,24.util68,24.N309,,Utility,
979,1,,K2107,,,,,UDB072,24.util72,24.K311,,Utility,
980,1,,K3904,,,,,UDB051,24.util51,24.P211,,Utility,
981,1,,K3901,,,,,UDB010,24.util10,24.T211,,Utility,
982,1,,K3902,,,,,UDB063,24.util63,24.S211,,Utility,
983,1,,K3903,,,,,UDB005,24.util5,24.F202,,Utility,
984,1,,K3101,,,,,UDB013,24.util13,24.H202,,Utility,
985,1,,K1601,,,,,UDB062,24.util62,24.R211,,Utility,
986,1,,CB_BSTLQ_LX_UVI80,,,,,15.UP16_CH243,15.CH243,15.Z322,,I/O,UP1600 used for relay control signal
987,1,,K1402,,,,,UDB066,24.util66,24.J311,,Utility,
988,1,,K1403,,,,,UDB079,24.util79,24.G311,,Utility,
989,1,,K1404,,,,,UDB084,24.util84,24.F307,,Utility,
990,1,,CB_VDD_BSTLQ_IN_BSTLQ_VOUT,,,,,15.UP16_CH242,15.CH242,15.Z320,,I/O,UP1600 used for relay control signal
991,1,,K4201,,,,,UDB067,24.util67,24.P311,,Utility,
992,1,,K4202,,,,,UDB067,24.util67,24.P311,,Utility,
993,1,,K4101,,,,,UDB075,24.util75,24.E311,,Utility,
994,1,,K7015,,,,,UDB023,24.util23,24.R202,,Utility,
995,1,,K7014,,,,,UDB014,24.util14,24.S202,,Utility,
996,1,,K7012,,,,,UDB055,24.util55,24.F209,,Utility,
997,1,,K7013,,,,,UDB035,24.util35,2.40E+209,,Utility,
998,1,,K7011,,,,,UDB031,24.util31,24.R204,,Utility,
999,1,,K7003,,,,,UDB078,24.util78,24.M309,,Utility,
1000,1,,K7001,,,,,UDB046,24.util46,24.G209,,Utility,
1001,1,,K7002,,,,,UDB054,24.util54,2.40E+211,,Utility,
1002,1,,K7004,,,,,UDB038,24.util38,24.S207,,Utility,
1003,1,,K7005,,,,,UDB036,24.util36,24.F207,,Utility,
1004,1,,K7006,,,,,UDB008,24.util8,24.W204,,Utility,
1005,1,,K7007,,,,,UDB002,24.util2,2.40E+203,,Utility,
1006,1,,K7008,,,,,UDB017,24.util17,24.G207,,Utility,
1007,1,,K7009,,,,,UDB039,24.util39,24.T204,,Utility,
1008,1,,K7010,,,,,UDB009,24.util9,24.F204,,Utility,
1009,1,,K1043,,,,,UDB127,24.util127,24.W302,,Utility,
1010,1,,K1041,,,,,UDB056,24.util56,2.40E+212,,Utility,
1011,1,,K1039,,,,,UDB049,24.util49,24.N211,,Utility,
1012,1,,K1072,,,,,UDB077,24.util77,24.F311,,Utility,
1013,1,,K1060,,,,,UDB096,24.util96,24.R307,,Utility,
1014,1,,K1059,,,,,UDB097,24.util97,24.S307,,Utility,
1015,1,,K1061,,,,,UDB094,24.util94,24.P307,,Utility,
1016,1,,K1046,,,,,UDB108,24.util108,2.40E+305,,Utility,
1017,1,,K1047,,,,,UDB061,24.util61,24.K209,,Utility,
1018,1,,K1048,,,,,UDB110,24.util110,24.F304,,Utility,
1019,1,,K1049,,,,,UDB032,24.util32,24.J209,,Utility,
1020,1,,K1050,,,,,UDB099,24.util99,24.P304,,Utility,
1021,1,,K1051,,,,,UDB100,24.util100,24.N304,,Utility,
1022,1,,K1052,,,,,UDB102,24.util102,24.M304,,Utility,
1023,1,,K1053,,,,,UDB101,24.util101,24.H304,,Utility,
1024,1,,K1054,,,,,UDB098,24.util98,24.K304,,Utility,
1025,1,,K1056,,,,,UDB092,24.util92,24.N307,,Utility,
1026,1,,K1055,,,,,UDB103,24.util103,24.J304,,Utility,
1027,1,,K1057,,,,,UDB105,24.util105,24.S304,,Utility,
1028,1,,K1058,,,,,UDB095,24.util95,24.T307,,Utility,
1029,1,,K1029,,,,,UDB115,24.util115,24.P302,,Utility,
1030,1,,K1030,,,,,UDB104,24.util104,24.T304,,Utility,
1031,1,,K1031,,,,,UDB006,24.util6,24.N202,,Utility,
1032,1,,K1032,,,,,UDB011,24.util11,24.K202,,Utility,
1033,1,,K1033,,,,,UDB034,24.util34,24.H207,,Utility,
1034,1,,K1034,,,,,UDB053,24.util53,24.H209,,Utility,
1035,1,,K1035,,,,,UDB015,24.util15,24.J202,,Utility,
1036,1,,K1036,,,,,UDB004,24.util4,24.M202,,Utility,
1037,1,,K1037,,,,,UDB003,24.util3,24.P202,,Utility,
1038,1,,K1038,,,,,UDB059,24.util59,24.M211,,Utility,
1039,1,,K1040,,,,,UDB124,24.util124,24.H302,,Utility,
1040,1,,K1042,,,,,UDB113,24.util113,24.T302,,Utility,
1041,1,,K1044,,,,,UDB106,24.util106,24.G304,,Utility,
1042,1,,K1045,,,,,UDB114,24.util114,2.40E+303,,Utility,
1043,1,,K1015,,,,,UDB122,24.util122,24.K302,,Utility,
1044,1,,K1016,,,,,UDB126,24.util126,24.J302,,Utility,
1045,1,,K1017,,,,,UDB090,24.util90,24.M307,,Utility,
1046,1,,K1018,,,,,UDB107,24.util107,24.W307,,Utility,
1047,1,,K1019,,,,,UDB123,24.util123,24.W304,,Utility,
1048,1,,K1020,,,,,UDB121,24.util121,24.S302,,Utility,
1049,1,,K1021,,,,,UDB045,24.util45,24.N207,,Utility,
1050,1,,K1022,,,,,UDB043,24.util43,24.M207,,Utility,
1051,1,,K1023,,,,,UDB019,24.util19,24.P204,,Utility,
1052,1,,K1024,,,,,UDB020,24.util20,24.N204,,Utility,
1053,1,,K1025,,,,,UDB041,24.util41,24.M209,,Utility,
1054,1,,K1026,,,,,UDB120,24.util120,24.R302,,Utility,
1055,1,,K1027,,,,,UDB111,24.util111,24.W309,,Utility,
1056,1,,K1028,,,,,UDB058,24.util58,24.F211,,Utility,
1057,1,,K1014,,,,,UDB116,24.util116,24.M302,,Utility,
1058,1,,K1010,,,,,UDB048,24.util48,24.H211,,Utility,
1059,1,,K1011,,,,,UDB050,24.util50,24.J211,,Utility,
1060,1,,K1012,,,,,UDB057,24.util57,24.K211,,Utility,
1061,1,,K1013,,,,,UDB118,24.util118,24.N302,,Utility,
1062,1,,K1006,,,,,UDB117,24.util117,24.F302,,Utility,
1063,1,,K1007,,,,,UDB033,24.util33,24.P209,,Utility,
1064,1,,K1008,,,,,UDB037,24.util37,24.J207,,Utility,
1065,1,,K1009,,,,,UDB060,24.util60,24.G211,,Utility,
1066,1,,K1004,,,,,UDB040,24.util40,24.R209,,Utility,
1067,1,,K1005,,,,,UDB112,24.util112,24.R304,,Utility,
1068,1,,K1003,,,,,UDB052,24.util52,24.N209,,Utility,
1069,1,,K1002,,,,,UDB119,24.util119,24.G302,,Utility,
1070,1,,K1001,,,,,UDB087,24.util87,24.K307,,Utility,
1071,1,,K1062,,,,,UDB022,24.util22,24.T202,,Utility,
1072,1,,K1063,,,,,UDB022,24.util22,24.T202,,Utility,
1073,1,,K1064,,,,,UDB030,24.util30,24.S204,,Utility,
1074,1,,K1066,,,,,UDB024,24.util24,24.W207,,Utility,
1075,1,,K1068,,,,,UDB044,24.util44,24.T207,,Utility,
1076,1,,K1069,,,,,UDB044,24.util44,24.T207,,Utility,
1077,1,,K1067,,,,,UDB024,24.util24,24.W207,,Utility,
1078,1,,K1065,,,,,UDB030,24.util30,24.S204,,Utility,
1079,1,,K1071,,,,,UDB047,24.util47,24.R207,,Utility,
1080,1,,K1070,,,,,UDB047,24.util47,24.R207,,Utility,
1081,1,,K6301,,,,,UDB012,24.util12,24.W202,,Utility,
1082,1,,K6309,,,,,UDB001,24.util1,24.M204,,Utility,
1083,1,,K6308,,,,,UDB001,24.util1,24.M204,,Utility,
1084,1,,K6307,,,,,UDB018,24.util18,24.K204,,Utility,
1085,1,,K6306,,,,,UDB018,24.util18,24.K204,,Utility,
1086,1,,K6305,,,,,UDB016,24.util16,24.K207,,Utility,
1087,1,,K6304,,,,,UDB016,24.util16,24.K207,,Utility,
1088,1,,K6303,,,,,UDB000,24.util0,24.J204,,Utility,
1089,1,,K6302,,,,,UDB000,24.util0,24.J204,,Utility,
